ID,ModelID,Name,IsActive,Type,CrossFilteringBehavior,JoinOnDateBehavior,RelyOnReferentialIntegrity,FromTableID,FromColumnID,FromCardinality,ToTableID,ToColumnID,ToCardinality,State,RelationshipStorageID,RelationshipStorage2ID,ModifiedTime,RefreshedTime,SecurityFilteringBehavior
318,1,"95264dcf-434c-47fd-b7d2-cee8a6ba6a3a",True,1,1,2,False,15,414,2,21,422,1,1,13442,,5/13/2025 2:11:23 AM,5/13/2025 2:11:23 AM,1
319,1,"af0b3d1d-3046-4d7b-b20f-087470bba261",True,1,1,2,False,15,429,2,24,430,1,1,13444,,5/13/2025 2:11:23 AM,5/13/2025 2:11:23 AM,1
320,1,"f53c5f24-0a08-41ca-afed-1a41362aede9",True,1,1,2,False,15,443,2,27,444,1,1,13446,,5/13/2025 2:11:23 AM,5/13/2025 2:11:23 AM,1
321,1,"91b2edaa-1574-479b-a909-8d55702f2709",True,1,1,2,False,15,455,2,30,456,1,1,13448,,5/13/2025 2:11:23 AM,5/13/2025 2:11:23 AM,1
322,1,"cd8d8c58-e897-43af-9793-019511c9508c",True,1,1,2,False,15,465,2,33,466,1,1,13450,,5/13/2025 2:11:23 AM,5/13/2025 2:11:23 AM,1
323,1,"a7266971-f661-455a-83bb-13d0abb7ff68",True,1,1,2,False,15,474,2,36,475,1,1,13452,,5/13/2025 2:11:23 AM,5/13/2025 2:11:23 AM,1
324,1,"57763547-eb96-4cfa-92c2-32d1012f089b",True,1,1,2,False,15,489,2,39,490,1,1,13454,,5/13/2025 2:11:23 AM,5/13/2025 2:11:23 AM,1
325,1,"d306ceb7-db2b-4ac8-82a2-52691a919a55",True,1,1,2,False,15,498,2,42,499,1,1,13456,,5/13/2025 2:11:23 AM,5/13/2025 2:11:23 AM,1
326,1,"e4a25d74-76ec-433b-af05-06d06f2ffdfc",True,1,1,2,False,15,508,2,45,509,1,1,13458,,5/13/2025 2:11:23 AM,5/13/2025 2:11:23 AM,1
327,1,"b69ed009-b415-4f78-9296-6ac6efb87355",True,1,1,2,False,15,536,2,48,537,1,1,13460,,5/13/2025 2:11:23 AM,5/13/2025 2:11:23 AM,1
328,1,"ada7b343-5c05-4714-b44b-8b193f64bcae",True,1,1,2,False,15,562,2,51,563,1,1,13462,,5/13/2025 2:11:23 AM,5/13/2025 2:11:23 AM,1
329,1,"55895781-ce08-45b5-9566-28aec126d09d",True,1,1,2,False,15,570,2,54,571,1,1,13464,,5/13/2025 2:11:23 AM,5/13/2025 2:11:23 AM,1
330,1,"a1877cdf-1b17-4a58-a9e9-41205f5c331b",True,1,1,2,False,15,588,2,57,589,1,1,13466,,5/13/2025 2:11:23 AM,5/13/2025 2:11:23 AM,1
337,1,"3be421ec-00d5-4afd-a737-b7182712fa07",True,1,1,2,False,81,729,2,84,730,1,1,13480,,5/13/2025 2:11:25 AM,5/13/2025 2:11:25 AM,1
338,1,"74bc7b63-f1a1-4abc-9f38-55dbc50e575c",True,1,1,2,False,81,743,2,87,744,1,1,13482,,5/13/2025 2:11:23 AM,5/13/2025 2:11:23 AM,1
339,1,"9c637f4e-9362-4419-88a8-bf745a773c4b",True,1,1,2,False,81,798,2,90,799,1,1,13484,,5/13/2025 2:11:23 AM,5/13/2025 2:11:23 AM,1
340,1,"2cc8dce1-5ef3-4770-ac16-c97029c73727",True,1,1,2,False,81,817,2,93,818,1,1,13486,,5/13/2025 2:11:23 AM,5/13/2025 2:11:23 AM,1
341,1,"a1c42c5c-d3c2-45dc-8a26-886c21d64528",True,1,1,2,False,81,825,2,96,826,1,1,13488,,5/13/2025 2:11:23 AM,5/13/2025 2:11:23 AM,1
342,1,"3a4e5dc9-eee5-4623-8f9a-b3619c42eeca",True,1,1,2,False,81,833,2,99,834,1,1,13490,,5/13/2025 2:11:23 AM,5/13/2025 2:11:23 AM,1
343,1,"29f8d49a-ee19-4d2d-a601-25add7135a92",True,1,1,2,False,81,841,2,102,842,1,1,13492,,5/13/2025 2:11:23 AM,5/13/2025 2:11:23 AM,1
344,1,"a23b7e0c-ab16-4f98-a34c-92bee3cb2344",True,1,1,2,False,105,907,2,108,908,1,1,13494,,5/13/2025 2:11:22 AM,5/13/2025 2:11:22 AM,1
345,1,"f2f71a45-6ec0-4eb6-a9b2-d176a0aefb29",True,1,1,2,False,105,915,2,111,916,1,1,13496,,5/13/2025 2:11:22 AM,5/13/2025 2:11:22 AM,1
346,1,"f99d6751-994b-4215-af89-9cd548ca4d4f",True,1,1,2,False,105,927,2,114,928,1,1,13498,,5/13/2025 2:11:22 AM,5/13/2025 2:11:22 AM,1
347,1,"b2428141-63d1-4a3a-972f-5e7b1889c7af",True,1,1,2,False,105,935,2,117,936,1,1,13500,,5/13/2025 2:11:22 AM,5/13/2025 2:11:22 AM,1
348,1,"d14e130b-debb-48ea-81ce-14ba0b7e6d8a",True,1,1,2,False,120,945,2,123,946,1,1,13502,,5/13/2025 7:31:25 PM,5/13/2025 7:31:25 PM,1
349,1,"72c74604-34a6-4b5a-b109-5513c4436e2f",True,1,1,2,False,120,960,2,126,961,1,1,13504,,5/13/2025 7:31:25 PM,5/13/2025 7:31:25 PM,1
350,1,"93730eb5-bc98-4608-a259-d6f6c6b4580b",True,1,1,2,False,120,968,2,129,969,1,1,13506,,5/13/2025 7:31:25 PM,5/13/2025 7:31:25 PM,1
351,1,"652994fb-63b9-4c6d-a11e-15e5ca389674",True,1,1,2,False,120,976,2,132,977,1,1,13508,,5/13/2025 7:31:25 PM,5/13/2025 7:31:25 PM,1
352,1,"b354d4c2-e25a-461f-a136-b96db83a9546",True,1,1,2,False,120,984,2,135,985,1,1,13510,,5/13/2025 7:31:25 PM,5/13/2025 7:31:25 PM,1
353,1,"aeebce50-0aef-4ad7-a21b-1461df6f669d",True,1,1,2,False,120,1005,2,138,1006,1,1,13512,,5/13/2025 7:31:25 PM,5/13/2025 7:31:25 PM,1
354,1,"dfee8fc6-d2ad-4e43-b61c-44510e23e544",True,1,1,2,False,120,1015,2,141,1016,1,1,13514,,5/13/2025 7:31:25 PM,5/13/2025 7:31:25 PM,1
355,1,"a825cee3-ae33-46d2-9d5e-14375fd58df1",True,1,1,2,False,120,1036,2,144,1037,1,1,13516,,5/13/2025 7:31:25 PM,5/13/2025 7:31:25 PM,1
356,1,"798d3693-2d7c-4d20-807b-dc6ad38f4e67",True,1,1,2,False,120,1047,2,147,1048,1,1,13518,,5/13/2025 7:31:25 PM,5/13/2025 7:31:25 PM,1
357,1,"6a1c88cd-d98f-433b-94f1-b46b7f42868f",True,1,1,2,False,120,1069,2,150,1070,1,1,13520,,5/13/2025 7:31:25 PM,5/13/2025 7:31:25 PM,1
358,1,"900039f5-10da-4bc0-bbf4-c61d47cae1de",True,1,1,2,False,120,1078,2,153,1079,1,1,13522,,5/13/2025 7:31:25 PM,5/13/2025 7:31:25 PM,1
359,1,"0f8e7ab2-7f49-4c5b-9c0e-b46609d70ebb",True,1,1,2,False,156,1098,2,159,1099,1,1,13524,,5/13/2025 2:11:22 AM,5/13/2025 2:11:22 AM,1
360,1,"a2151d24-e790-4774-aa1a-8121e4632c67",True,1,1,2,False,156,1124,2,162,1125,1,1,13526,,5/13/2025 2:11:22 AM,5/13/2025 2:11:22 AM,1
361,1,"b69c7379-1e72-4f4f-92d9-916b43578349",True,1,1,2,False,156,1132,2,165,1133,1,1,13528,,5/13/2025 2:11:22 AM,5/13/2025 2:11:22 AM,1
362,1,"0da953fc-2c38-405d-be53-c06b0acf6a47",True,1,1,2,False,168,1145,2,171,1146,1,1,13530,,5/13/2025 2:11:23 AM,5/13/2025 2:11:23 AM,1
363,1,"2d2f0bab-a258-47cf-befe-31f14b43f271",True,1,1,2,False,168,1153,2,174,1154,1,1,13532,,5/13/2025 2:11:23 AM,5/13/2025 2:11:23 AM,1
364,1,"3cb51cd8-6caa-4f46-8ede-35052f31b14d",True,1,1,2,False,168,1161,2,177,1162,1,1,13534,,5/13/2025 2:11:23 AM,5/13/2025 2:11:23 AM,1
365,1,"795e3bac-64de-4235-8e29-28ec40d3fa12",True,1,1,2,False,168,1181,2,180,1182,1,1,13536,,5/13/2025 2:11:24 AM,5/13/2025 2:11:24 AM,1
366,1,"8e291b0f-9d55-4480-afe9-b8ad07de38d6",True,1,1,2,False,168,1193,2,183,1194,1,1,13538,,5/13/2025 2:11:23 AM,5/13/2025 2:11:23 AM,1
367,1,"2b5f765c-fd8a-4fc2-b601-7f441e18fa06",True,1,1,2,False,168,1201,2,186,1202,1,1,13540,,5/13/2025 2:11:23 AM,5/13/2025 2:11:23 AM,1
368,1,"532ccc54-c17e-4357-a224-d5c4d8331139",True,1,1,2,False,168,1212,2,189,1213,1,1,13542,,5/13/2025 2:11:23 AM,5/13/2025 2:11:23 AM,1
369,1,"5aff5334-9b2a-419f-a014-b8c8b7292178",True,1,1,2,False,168,1224,2,192,1225,1,1,13544,,5/13/2025 2:11:23 AM,5/13/2025 2:11:23 AM,1
370,1,"c790a95a-97cb-4484-b29d-7149d4c9c578",True,1,1,2,False,168,1244,2,195,1245,1,1,13546,,5/13/2025 2:11:23 AM,5/13/2025 2:11:23 AM,1
371,1,"10bf5e04-1180-4295-beb5-b976a6935bf6",True,1,1,2,False,168,1253,2,198,1254,1,1,13548,,5/13/2025 2:11:23 AM,5/13/2025 2:11:23 AM,1
372,1,"177c090c-bfde-41c4-8619-8e7557a5bb56",True,1,1,2,False,168,1263,2,201,1264,1,1,13550,,5/13/2025 2:11:23 AM,5/13/2025 2:11:23 AM,1
373,1,"dc8e43a3-0735-442a-bbbd-e201e81dab6f",True,1,1,2,False,168,1277,2,204,1278,1,1,13552,,5/13/2025 2:11:23 AM,5/13/2025 2:11:23 AM,1
374,1,"f5b4b2e6-b3b5-4e07-9224-8a6d0705a213",True,1,1,2,False,168,1288,2,207,1289,1,1,13554,,5/13/2025 2:11:23 AM,5/13/2025 2:11:23 AM,1
375,1,"b0674179-223d-4cfd-b2ad-40ffb0657342",True,1,1,2,False,168,1297,2,210,1298,1,1,13556,,5/13/2025 2:11:23 AM,5/13/2025 2:11:23 AM,1
376,1,"2ba96a5a-e9b8-4b6c-b655-c4bbee2cb9a8",True,1,1,2,False,168,1310,2,213,1311,1,1,13558,,5/13/2025 2:11:23 AM,5/13/2025 2:11:23 AM,1
377,1,"f5b6c52a-3d99-449f-8b04-a93bd3eeaa13",True,1,1,2,False,168,1324,2,216,1325,1,1,13560,,5/13/2025 2:11:23 AM,5/13/2025 2:11:23 AM,1
378,1,"244953e5-9c79-429d-9627-e556fc19b722",True,1,1,2,False,168,1336,2,219,1337,1,1,13562,,5/13/2025 2:11:23 AM,5/13/2025 2:11:23 AM,1
379,1,"24de2653-0578-4d5c-84ca-62793203c71b",True,1,1,2,False,168,1347,2,222,1348,1,1,13564,,5/13/2025 2:11:23 AM,5/13/2025 2:11:23 AM,1
380,1,"dc672d19-ddb8-407e-a613-7877f1388f19",True,1,1,2,False,168,1355,2,225,1356,1,1,13566,,5/13/2025 2:11:23 AM,5/13/2025 2:11:23 AM,1
381,1,"41da7df2-ca05-403e-8ebc-f993a4271135",True,1,1,2,False,168,1371,2,228,1372,1,1,13568,,5/13/2025 2:11:23 AM,5/13/2025 2:11:23 AM,1
382,1,"41f52139-7e9d-4c3a-973e-1a4aea9c5a25",True,1,1,2,False,168,1387,2,231,1388,1,1,13570,,5/13/2025 2:11:23 AM,5/13/2025 2:11:23 AM,1
383,1,"e711442f-9374-44ca-9a23-baf46bd04ba0",True,1,1,2,False,168,1413,2,234,1414,1,1,13572,,5/13/2025 2:11:23 AM,5/13/2025 2:11:23 AM,1
384,1,"b66b6146-8b74-4c98-8beb-a3c78a69c8db",True,1,1,2,False,168,1421,2,237,1422,1,1,13574,,5/13/2025 2:11:23 AM,5/13/2025 2:11:23 AM,1
385,1,"e4d44667-0be5-4e13-a8bc-ea68cf333e97",True,1,1,2,False,168,1430,2,240,1431,1,1,13576,,5/13/2025 2:11:23 AM,5/13/2025 2:11:23 AM,1
386,1,"47071c31-26b0-4bc2-a3e4-543b80de7b8b",True,1,1,2,False,168,1438,2,243,1439,1,1,13578,,5/13/2025 2:11:23 AM,5/13/2025 2:11:23 AM,1
387,1,"fe1ca9a0-379c-4145-bbf9-7a9258bfc7c8",True,1,1,2,False,246,1505,2,249,1506,1,1,13580,,5/13/2025 2:11:22 AM,5/13/2025 2:11:22 AM,1
388,1,"6d3d9704-3150-4b34-80b6-1737b6cba34b",True,1,1,2,False,246,1520,2,252,1521,1,1,13582,,5/13/2025 2:11:23 AM,5/13/2025 2:11:23 AM,1
389,1,"9c986974-26cc-4f8a-8a05-313618513fd2",True,1,1,2,False,246,1540,2,255,1541,1,1,13584,,5/13/2025 2:11:22 AM,5/13/2025 2:11:22 AM,1
390,1,"1b65c11c-7785-48ad-9af0-069de0964656",True,1,1,2,False,246,1554,2,258,1555,1,1,13586,,5/13/2025 2:11:22 AM,5/13/2025 2:11:22 AM,1
391,1,"15cee870-a937-4ad6-8f3f-8c8d88ebd129",True,1,1,2,False,246,1564,2,261,1565,1,1,13588,,5/13/2025 2:11:22 AM,5/13/2025 2:11:22 AM,1
392,1,"adf578ae-99b8-4225-9a2a-f2dec502b9e2",True,1,1,2,False,246,1607,2,264,1608,1,1,13590,,5/13/2025 2:11:23 AM,5/13/2025 2:11:23 AM,1
393,1,"59fac6e0-b957-446a-8f26-19db85c3dc59",True,1,1,2,False,246,1621,2,267,1622,1,1,13592,,5/13/2025 2:11:23 AM,5/13/2025 2:11:23 AM,1
394,1,"cb4dfb60-baa3-4dbe-9ba7-3b2cb5ce0f11",True,1,1,2,False,246,1635,2,270,1636,1,1,13594,,5/13/2025 2:11:22 AM,5/13/2025 2:11:22 AM,1
395,1,"f00844a2-7bcb-44b0-88e9-be3a3764c26c",True,1,1,2,False,246,1643,2,273,1644,1,1,13596,,5/13/2025 2:11:22 AM,5/13/2025 2:11:22 AM,1
396,1,"57944dd5-a8c9-4d61-a4ac-b163ca55438b",True,1,1,2,False,246,1656,2,276,1657,1,1,13598,,5/13/2025 2:11:22 AM,5/13/2025 2:11:22 AM,1
397,1,"e87ca821-17e1-4154-adf6-756c172d4bf1",True,1,1,2,False,279,1720,2,282,1721,1,1,13600,,5/13/2025 4:23:53 PM,5/13/2025 4:23:53 PM,1
398,1,"62ff0e82-306f-4d09-b499-7aa85dfdba34",True,1,1,2,False,279,1735,2,285,1736,1,1,13602,,5/13/2025 4:23:53 PM,5/13/2025 4:23:53 PM,1
399,1,"ea5302bd-8dcc-418a-b9bc-72061032d577",True,1,1,2,False,279,1755,2,288,1756,1,1,13604,,5/13/2025 4:23:53 PM,5/13/2025 4:23:53 PM,1
400,1,"f145fbcd-5d60-4f7a-b67f-2da8fec8212b",True,1,1,2,False,279,1769,2,291,1770,1,1,13606,,5/13/2025 4:23:53 PM,5/13/2025 4:23:53 PM,1
401,1,"442a0368-ee29-4778-a85d-a33886382fe7",True,1,1,2,False,279,1779,2,294,1780,1,1,13608,,5/13/2025 4:23:53 PM,5/13/2025 4:23:53 PM,1
402,1,"c9768c79-1ac1-4b60-936e-509a04c27157",True,1,1,2,False,279,1822,2,297,1823,1,1,13610,,5/13/2025 4:23:53 PM,5/13/2025 4:23:53 PM,1
403,1,"9e27077e-2c4f-46bc-a373-813f258aa474",True,1,1,2,False,279,1836,2,300,1837,1,1,13612,,5/13/2025 4:23:53 PM,5/13/2025 4:23:53 PM,1
404,1,"d96bec23-7e5f-4589-8689-6588a19ff9b6",True,1,1,2,False,279,1850,2,303,1851,1,1,13614,,5/13/2025 4:23:53 PM,5/13/2025 4:23:53 PM,1
405,1,"9c73acdb-54e8-4d31-acf9-f57acdcfc54f",True,1,1,2,False,279,1858,2,306,1859,1,1,13616,,5/13/2025 4:23:53 PM,5/13/2025 4:23:53 PM,1
406,1,"96e10e0e-569c-458d-b6fa-31dd613f7247",True,1,1,2,False,279,1871,2,309,1872,1,1,13618,,5/13/2025 4:23:53 PM,5/13/2025 4:23:53 PM,1
407,1,"454f2884-9ae2-473a-9636-600e189c41ff",True,1,1,2,False,279,1886,2,312,1887,1,1,13620,,5/13/2025 4:23:53 PM,5/13/2025 4:23:53 PM,1
408,1,"20146167-ca66-4237-a0c5-9b16aa4a20f7",True,1,1,2,False,279,1894,2,315,1895,1,1,13622,,5/13/2025 4:23:53 PM,5/13/2025 4:23:53 PM,1
56991,1,"3324c4e7-82da-b36b-861a-777eef0e4e39",True,1,1,1,False,105,854,2,120,944,1,1,56992,,5/13/2025 7:31:25 PM,5/13/2025 7:31:25 PM,1
68376,1,"b422fd3d-308b-4044-fd96-0341aa84a88d",True,1,1,1,False,105,56547,2,279,62695,1,1,68377,,5/13/2025 4:27:14 PM,5/13/2025 4:27:14 PM,1
68393,1,"63a77cd2-408d-dbed-cd98-0bc1cec06b69",True,1,1,1,False,168,56601,2,279,62695,1,1,68394,,5/13/2025 4:28:46 PM,5/13/2025 4:28:46 PM,1
68410,1,"eaa83242-06a3-6808-29b6-0561f9399f70",True,1,1,1,False,60,599,2,15,409,1,1,68411,,5/13/2025 4:54:16 PM,5/13/2025 4:54:16 PM,1
68755,1,"b34f6249-22fc-4c99-80f3-9657bd003c3d",True,1,1,2,False,60,68774,2,68737,68775,1,1,69765,,5/13/2025 4:54:17 PM,5/13/2025 4:54:17 PM,1
68756,1,"efdd0887-e8d8-434d-abb0-2d6bc3f6448a",True,1,1,2,False,60,68839,2,68740,68840,1,1,69767,,5/13/2025 4:54:16 PM,5/13/2025 4:54:16 PM,1
68757,1,"655108a4-7142-4c51-be00-3683b4044e2f",True,1,1,2,False,60,68847,2,68743,68848,1,1,69769,,5/13/2025 4:54:16 PM,5/13/2025 4:54:16 PM,1
68758,1,"84017c50-87fb-46e9-b050-4a609bd4aa0d",True,1,1,2,False,60,68855,2,68746,68856,1,1,69771,,5/13/2025 4:54:16 PM,5/13/2025 4:54:16 PM,1
68759,1,"ccae25ad-db6a-498f-ba66-4ccff9b3f733",True,1,1,2,False,60,68863,2,68749,68864,1,1,69773,,5/13/2025 4:54:16 PM,5/13/2025 4:54:16 PM,1
68760,1,"f2f29efd-9163-40f0-bf7e-d48867fca242",True,1,1,2,False,60,68872,2,68752,68873,1,1,69775,,5/13/2025 4:54:16 PM,5/13/2025 4:54:16 PM,1
73430,1,"14421194-febe-c36e-54bd-4e28b5b8c3f4",True,1,1,1,False,81,68537,2,60,68430,1,1,73431,,5/13/2025 6:33:58 PM,5/13/2025 6:33:58 PM,1
73450,1,"e68dcc70-83bf-a895-7d90-490679fe1b7f",True,1,1,1,False,156,1088,2,168,1140,1,1,73451,,5/13/2025 6:34:48 PM,5/13/2025 6:34:48 PM,1
73467,1,"7a12942e-8124-b6ee-fd8f-b419c94e26ee",False,1,1,1,False,15,579,2,120,944,1,1,73468,,5/13/2025 7:31:25 PM,5/13/2025 7:31:25 PM,1
73500,1,"9d48c470-651a-ccdc-6b17-d1aed01afa33",True,1,1,1,False,60,56409,2,279,62695,1,1,73501,,5/13/2025 6:59:43 PM,5/13/2025 6:59:43 PM,1
113906,1,"29e3314d-79c3-461e-80c2-4bf9fabbaf0e",True,1,1,2,False,113876,113915,2,113879,113916,1,1,114824,,5/20/2025 6:22:40 PM,5/20/2025 6:22:40 PM,1
113907,1,"d3c392f2-a2f9-48e9-be41-2177e8a23e75",True,1,1,2,False,113876,113923,2,113882,113924,1,1,114826,,5/20/2025 6:22:40 PM,5/20/2025 6:22:40 PM,1
113908,1,"1bf0445f-5395-4a3c-b1e9-da1d561a7289",True,1,1,2,False,113876,113931,2,113885,113932,1,1,114828,,5/20/2025 6:22:40 PM,5/20/2025 6:22:40 PM,1
113909,1,"20056c79-d3b5-42f5-bf4d-7503e56cbb35",True,1,1,2,False,113876,113939,2,113888,113940,1,1,114830,,5/20/2025 6:22:40 PM,5/20/2025 6:22:40 PM,1
113910,1,"5e2b02d2-9187-4532-8172-3e3800fc9d69",True,1,1,2,False,113894,113978,2,113897,113979,1,1,114832,,5/20/2025 6:22:40 PM,5/20/2025 6:22:40 PM,1
113911,1,"88e16a17-b37c-4a37-b642-3297b409fa07",True,1,1,2,False,113894,113987,2,113900,113988,1,1,114834,,5/20/2025 6:22:40 PM,5/20/2025 6:22:40 PM,1
117625,1,"AutoDetected_c7e983bd-269d-4c26-bd31-17a1fb963b00",True,1,1,1,False,113903,113999,2,113894,113974,1,1,117626,,5/20/2025 6:22:42 PM,5/20/2025 6:22:42 PM,1
117691,1,"690bdaba-1fa0-cce9-12c2-38a8007801ad",False,1,1,1,False,81,724,2,15,409,1,1,117702,,5/20/2025 6:23:00 PM,5/20/2025 6:23:00 PM,1
