erp_code,id,name,phone,phone_ext,type
000124,22198,000124                   C: Paperless Parts,,,customer
000105,22383,1ST QUALITY METAL SOLUTIONS        ,4233454945,,customer
000401,22847,360 PROTOTYPING LLC                ,5123101400,,customer
000004,22283,3D SYSTEMS CORPORATION             ,,,customer
000542,22505,3M                                 ,6517372801,,customer
,27248,3P PROCESSING INC.,,,customer
000314,22785,"3PS, INC.                         ",5127595137,,customer
000005,22288,4D DESIGN                          ,5122180100,,customer
000152,22574,"962, INC.                         ",5123109431,,customer
000512,22481,AAI CORPORATION,5123287799,,customer
,465651,AAR Airframe Services,2263504500,,customer
000548,22527,"AAVID THERMALLOY, LLC              ",5123828121,,customer
,419258,ABCO Industries Inc,9026348821,,customer
,294425,Able Aerospace Services,6023041227,,customer
000169,22414,"ACCELERATE PMG, INC.              ",5125068668,,customer
000223,22640,"ACCRETECH USA, INC.               ",5122464535,,customer
000546,22510,ACCURUS AEROSPACE CORPORATION      ,9184383121,,customer
000179,22466,ACE GRINDING & MFG. OF TEXAS      ,9726604666,,customer
,385417,Acier Lachine Inc,5146342252,,customer
000156,22577,ACTIVE POWER                      ,5128366464,,customer
000603,22556,ACUTRONIC ,7372129013,,customer
,27764,ADCO Circuits,,,customer
,26954,ADCO Circuts,,,customer
,27250,"ADVANCED AERO COATINGS, LLC",,,customer
000001,22280,ADVANCED ENERGY IND. INC. AERA     ,4808924350,,customer
000627,22585,ADVANCED FABRICATION               ,5104896218,,customer
000142,22366,"ADVANCED GEOSCIENCES, INC.         ",5123353338,,customer
000020,22297,ADVANCED MACHINE PROGRAMMING       ,4087792927,,customer
000081,22347,ADVANCED STAINLESS TECHNOLOGIES    ,5122639800,,customer
000228,22644,AEROBIC & PUMP CONTROLS           ,5129302287,,customer
,413917,"Aero Brake & Spares, Inc",5123569621,,customer
,648829,"Aero Components, LLC",8175723003,,customer
000411,22852,"AEROFLEX\METELICS, INC.           ",4087378181,,customer
,447674,Aerzen USA Corp.,,,customer
000637,22592,AFE INC.                           ,2624975121,,customer
000475,22438,AGH INDUSTRIES                     ,8172841742,,customer
000374,22836,AGILENT TECHNOLOGIES INT. PTE. LTD,8004245444,,customer
000046,22321,"AGILE TECHNOLOGY, INC.             ",5125895069,,customer
,355763,Ai Monotony Inc,,,customer
000423,22866,AIRBUS HELICOPTERS INC             ,6622446231,,customer
000555,22518,"AIRTRONIC USA, LLC                 ",8309809788,,customer
,754048,"Alamo Aircraft, Ltd.",2104345577,,customer
000449,22756,ALC-COLLEGEDALE                    ,5126102200,,customer
000113,22391,ALCOA HOWMET CASTINGS              ,4125532360,,customer
,395601,Alco-Tmi Inc,4186691911,,customer
,27266,Aldine Metal Products Corp,,,customer
000376,22844,ALEKTRONICS INC.                  ,9374292118,,customer
,429977,A-Line Aerospace,4167694557,510,customer
,752748,Allen Control Systems,2103237300,,customer
,462965,Allenworks Inc.,,,customer
000029,22303,ALLIANT TECHSYSTEMS                ,7275722236,,customer
000604,22557,ALLIED HORIZONTAL WIRELINE SERVICES,7133437280,,customer
000076,22355,"ALL POINTS EQUIPMENT CO., LP.      ",9793872298,,customer
000016,22292,ALL-PRO FASTENERS                  ,,,customer
000327,22803,ALPHA MACHINE                     ,5012629555,,customer
,589102,Alpine Precision Inc,4062934907,,customer
,496095,Altec,,,customer
000402,22842,"ALWAYS INTEGRITY MACHINING, LLC   ",5126701010,,customer
000162,22526,AMD AUSTIN                        ,8005388450,,customer
,616442,Americana Advanced Assemblies,9375529393,,customer
,76601,American Athletics Co.,,,customer
000218,22627,AMERICAN DENTAL AIRSONIC TECHNOLOGI,3612891145,,customer
000073,22352,"AMERICAN DURABLE, INC.             ",6514556314,,customer
000587,22408,AMETEK                             ,8584580274,,customer
,480484,AMETEK FMH Aerospace,7147511000,,customer
,415076,Amfab,7148700376,,customer
,27254,ANAPLEX CORP,,,customer
000673,299453,Anduril Industries,9498911607,,customer
000301,22780,ANUE SYSTEMS INC.                 ,5125270453,,customer
000531,22497,A & ONE PRECISION ENGINERING       ,6565431181,,customer
000571,22532,APEX INDUSTRIES                    ,5068571620,,customer
000077,22356,APEX INSTRUMENT CORPORATION        ,9792517277,,customer
,449453,Apparent Technologies,5128730023,,customer
000037,22315,APPLIED MATERIALS INC.,5122721000,,customer
000503,22458,APPLIED MATERIALS S.E.ASIA PTE.LTD ,,,customer
000614,22568,APPLIED MATERIALS SINGAPORE TECHN  ,,,customer
000503,129484,Applied Materials Taiwan,,,customer
000381,22820,APPLIED RESEARCH                   ,2819337673,,customer
,478357,Applied Research Laboratories,5128353200,,customer
000099,22378,APPLIED RESEARCH LABORATORIES      ,5128353335,,customer
000418,22861,APPLIED RIGAKU TECHNOLOGIES        ,2813622300,,customer
000592,22545,APPTRONIK                          ,5129178003,,customer
000002,22281,APW ENCLOSURE SYSTEMS              ,5129264426,,customer
,574546,Archer Aviation Inc,6502723233,,customer
,480487,Architectural Polymers,6108243322,,customer
000315,22690,ARC SPECIALITIES                  ,7136317575,,customer
,639145,Argon FDS,,,customer
,723238,ARGOSY DESIGNS INC.,5185958480,,customer
000521,22487,ARGO TURBOSERVE CORP               ,2105282144,,customer
,430833,Arkansas Air National Guard,5019877489,,customer
,142816,ARM Automation,,,customer
000040,22312,"ARMNIONICS INDUSTRIES, INC.        ",2104904582,,customer
000611,22564,ARTSEMI LLC                        ,5123771016,,customer
000537,22791,ARX FIT LLC                        ,5126333768,,customer
000359,22747,ASCENDANT ENGINEERING SOLUTIONS   ,5123715704,,customer
,593490,ASRC Federal,9734392802,,customer
000090,22371,ASTRO MODEL DEVELOPMENT CORPORATION,4409468171,,customer
,787629,Astrotech Corp.,,,customer
,654389,Astute,,,customer
000048,22328,"ATHENA MANUFACTURING, LP           ",5129282693,,customer
,22209,Athena MFG,5129453936,,customer
000551,22534,"AUKUA SYSTEMS, INC                 ",5126804947,,customer
000343,22716,"AUSTIN AI, INC.                   ",5128379400,,customer
000007,22289,AUSTIN DYNAMICS                    ,5122673117,,customer
,657849,Austin Motor Works,,,customer
000151,22573,"AUSTIN WATERJET, INC.             ",5122439000,,customer
000378,22845,"AUTOFLUG SAFETY SYSTEMS, INC.     ",9157788300,,customer
,415402,Automation Supply and Engineering,8323287806,,customer
000137,22607,"AVAI VENTURES, INC.                ",5123019445,,customer
000257,22717,AVANT                             ,5126515324,,customer
,388824,Axiom Space Inc,3462937045,,customer
000668,43190,Ayro,,,customer
000249,22682,BAE AUSTIN                         ,5129292494,,customer
,421756,BAE Florida,8503440836,,customer
000028,22307,BAKER OIL TOOLS                    ,8002886657,,customer
000049,22322,BAKER SPD                          ,8882696907,,customer
,415356,Baltimore Fabrication,4105220030,,customer
,478193,BANISTER MEDICAL,,,customer
000261,22719,BANTAM ELECTRONICS                ,5127193560,,customer
000092,22373,BA PRODUCTS                        ,8308959800,,customer
,641519,Base Power Camp,,,customer
000200,22648,BAY ADVANCED TECHNOLOGIES         ,5129295400,,customer
,419277,BCI Acrylic Inc.,8009638827,,customer
000176,22417,B E AEROSPACE,5863231700,,customer
000569,22531,B/E AEROSPACE                      ,2626796170,,customer
000320,22728,BELL TEXTRON INC.                  ,8175901254,,customer
000526,22491,BELL TEXTRON INC.-OZARK            ,3344455358,,customer
000562,22546,BENCHMARK                          ,9798496550,,customer
000198,22633,"BENFORD TOOLS, LLC AKA BARBMASTER ",8176455320,,customer
,477235,Besser Company World Headquarters,8009680444,,customer
000563,22547,BGA ASSOCIATES AUSTIN LLC          ,7136645462,,customer
,388710,Bhayana Brothers,4129217424,,customer
000595,22555,BIG BOY SHOOTING GALLERIES         ,8477360791,,customer
000628,22586,BILL MCCLUNG INC.                  ,8306935082,,customer
000544,22508,BILLY BOXES                        ,5122225632,,customer
000312,22725,BIOMETRIC ACCESS COMPANY          ,5122463760,,customer
,27259,"BISHOP AVIATION, INC",,,customer
000094,22350,BJK MACHINING                      ,5123033311,,customer
,94130,Blackbridge,,,customer
,450797,BlackHawk Industrial,,,customer
,696941,Bluebonnet Ordnance,,,customer
,393921,Bobcat Company,7016808371,,customer
,391742,Bock Water Heaters Inc,6082572225,,customer
,651149,"Bodycote K-Tech Inc,",5017601696,,customer
000063,22337,"BOEDEKER PLASTICS, INC.            ",8004443485,,customer
000576,22824,BOEING COMMERCIAL AIRPLANE         ,4252377139,,customer
000524,22489,BOEING COMMERCIAL AIRPLANE CO,4252441736,,customer
,81113,Boeing Defense,,,customer
000493,22448,BOGUS CUSTOMER                     ,5555550000,,customer
000415,22787,BRENNER AEROSTRUCTURES,2156383884,,customer
,393978,Bridgestone,3307052112,,customer
000625,22593,BRIGGO INC                         ,7372162529,,customer
000588,22543,BRISKHEAT CORPORATION              ,6142943376,,customer
,493290,Bristol Machine Co,9095988601,,customer
000324,22709,BROADBAND INSTRUMENTS CORP.       ,5127872007,,customer
000129,22364,BROOKHAVEN INSTRUMENTS CORPORATION ,5122583646,,customer
,27245,Brooks Industrial Coating,5129905333,,customer
000478,22436,BROOKS INSTRUMENT PRODUCTS LLC     ,2153623500,,customer
,478458,Brunswick Steel,2042241472,,customer
000699,391734,"Build: CR, LLC dba Composite Resources",8033669700,,customer
000293,22685,BULZEYE MARINE SYSTEMS            ,5122672560,,customer
000036,22310,BURGESS SPECIALTY FABRICATING INC. ,7134620293,,customer
000488,22444,BURTON BALDRIDGE ARCHITECTS        ,5124411700,,customer
000513,22482,BYPASS MOBILE                      ,5122916192,,customer
000582,22819,C4ATS                              ,4072063886,,customer
000431,22872,CACI                               ,2109798989,,customer
000394,22849,CAMERON                           ,2815042511,,customer
000474,22434,CAMERON PETRECO PROCESS SYSTEMS    ,7138497500,,customer
000462,22423,CAMERON R&D                        ,7133694144,,customer
000468,22428,CAMERON VALVES AND MEASUREMENTS    ,5015705648,,customer
000540,22503,CANON NANOTECH INC.                ,5123397760,,customer
000642,22851,"CAPCO, LLC",9702438750,,customer
000623,22827,"CAPITAL BENDING, LLC.              ",5125730713,,customer
000091,22372,"CAPROCK MANUFACTURING, INC         ",8067456454,,customer
000066,22340,"CARBOMEDICS, INC.                  ",5124353388,,customer
,415166,Cardinal CG,9729371708,,customer
000100,22379,CARLTON-BATES COMPANY              ,5129295253,,customer
000606,22560,CARNEGIE TECHNOLOGIES              ,5129216156,,customer
000269,22702,CARTECH                           ,2103331642,,customer
000087,22368,"CARY CON, INC.                     ",5125278595,,customer
000344,22806,CATCHER INC                       ,9259498309,,customer
000498,22453,CATERPILLAR                        ,3615743618,,customer
000448,22752,CBG CORPORATION                    ,5124917541,,customer
000078,22357,CDS GROUP                          ,5128343500,,customer
000075,22354,CELERITY - CALIFORNIA              ,4089463100,,customer
000399,22733,CELERITY FLUID SYSTEMS PTE LTD    ,6567447041,,customer
000306,22784,"CELERITY, INC. - ALLEN            ",,,customer
000230,22656,CELERITY - IRELAND                ,5318247139,,customer
000514,22483,CELESTICA                          ,5034656000,,customer
000212,22621,CELESTICA CORPORATION (AUSTIN)    ,,,customer
000428,22868,CELTIC LEASING CORP.               ,7139345212,,customer
,306640,Cesium,3306975320,,customer
000715,699106,CesiumAstro,,,customer
000089,22370,CES MOLD & DESIGN                  ,5127591538,,customer
000282,22693,CFAN                              ,5123532832,,customer
000437,22877,C&F TOOL & DIE COMPANY             ,2105229310,,customer
000286,22696,CHARMED LABS LLC                  ,5122204525,,customer
000115,22393,"CHATSWORTH PRODUCTS, INC.          ",5128686000,,customer
,777646,Cherokee Federal,,,customer
000527,22492,CHOICE BAGGING EQUIPMENT           ,5123523694,,customer
,422886,Cincinnati Fan,9374308802,,customer
000281,22673,CIRCULAR SCIENCE                  ,6016462767,,customer
,495334,CKD USA,7374840330,,customer
,487822,"Clackamas Steel & Mfg., inc.",5036565028,,customer
000291,22666,CLEAN FUELING TECHNOLOGIES        ,5129428300,,customer
,498191,Climate Engineers,,,customer
000104,22382,"CLOCKWORKS MFG, C.N.C. SPECIALIST  ",2108342824,,customer
,419102,Closets by Design - Palm Beach,7722105398,,customer
,437262,CNH Industrial,3069200441,,customer
,28487,Coastline High Performance,,,customer
000564,22793,COBALT AERO SERVICES               ,5016237211,,customer
000309,22765,"COLDWATT, INC.                    ",5124394900,,customer
,417849,College of Southern Nevada (South),7026513000,,customer
,227219,Collins Aerospace,,,customer
000216,22625,"COLUMBIA INDUSTRIES, INC.         ",2103449211,,customer
000202,22636,COMPLETE PROTOTYPE SERVICE'S INC. ,5864699155,,customer
000302,22781,"COMSONICS, INC.                   ",5404345965,,customer
000053,22325,CONCEPT SERVICES                   ,5123433100,,customer
000270,22703,CONCURRENT DESIGN AND DRAFTING    ,5122198501,,customer
000388,22821,"CONMEDISYS, INC.                  ",5122999611,,customer
000600,22551,CONSOLIDATED METAL TECHNOLOGIES    ,5122559296,,customer
000561,22530,CONTROL PRODUCTS CORPORATION       ,9722640368,,customer
000580,22538,COOLTRAX AMERICAS                  ,5128793067,,customer
000504,22459,"CORDY DRILLING INNOVATIONS, LTD    ",2102818542,,customer
,423407,Corpus Christi Army Depot,3619616360,,customer
000027,22302,CORRECTIONS PRODUCTS CO.           ,2108297951,,customer
000133,22603,CORTEC PRECISION SHEETMETAL        ,5129272909,,customer
,754875,Corten Studio,3104906098,,customer
,722966,Cox & Company Inc.,2123660200,,customer
000575,22818,CPI PRODUCTS                       ,8777562388,,customer
000420,22862,CPP-PORT HUENEME                   ,8054886451,,customer
000435,22874,CPP-RANCHO                         ,8054886451,,customer
000471,22431,CRATERS & FREIGHTERS               ,5123261627,,customer
,303360,Creative 3D Technologies,,,customer
000354,22830,CREATIVE TECHNOLOGY SERVICES      ,7342072600,,customer
000158,22522,"CRI DIVISION RSI, INC.            ",5123867500,,customer
,34862,CR Wealth Solutions,,,customer
000443,22406,"CTS, LP                            ",7139345257,,customer
000619,22581,CURTISS-WRIGHT CONTROLS            ,7048694680,,customer
,28515,Custom Coils,7077528633,,customer
,652267,Cutting Dynamics,4402494175,,customer
000178,22465,CYPRESS INDUSTRIES                ,5122490999,,customer
,394244,Daily Thermetrics Corporation,7137808600,,customer
,43629,david@terradepth.com,,,customer
000620,22826,DAYTON ROGERS OF TEXAS,7637847714,,customer
000432,22875,DBA REALTY RESTORATION             ,,,customer
000022,22299,"DEATON ENGINEERING, INC.           ",5129309908,,customer
,493536,Defence Research and Development Canada (DRDC),,,customer
000140,22609,DELL PRODUCTS L.P                  ,,,customer
000425,22775,DELTA G DESIGN                     ,2542357676,,customer
000163,22404,DELTA TECHNOLOGY CORPORATION      ,7134647407,,customer
,444854,"DEMCO Manufacturing, Inc.",9368294771,,customer
000117,22395,DENICHI COMPUTER DEVICES           ,5128372655,,customer
000545,22509,DENISON INDUSTRIES                 ,9037866526,,customer
000284,22674,DESIGN EDGE                       ,5124775491,,customer
000375,22841,"DESIGN OCTAVES, INC               ",8314648500,,customer
000308,22764,DETCON INC.                       ,2813674100,,customer
000225,22642,DIAGNOSTIC SYSTEMS LABORATORIES   ,2813329678,,customer
000026,22301,DICKEY MANUFACTURING CO.           ,6305842918,,customer
000119,22362,DIGITAL SCULPTURES COMPANY         ,3144344905,,customer
000367,22835,DISPERSOL TECHNOLOGIES            ,5123433677,,customer
000024,22306,"D&N TOOL, INC.                     ",5123417405,,customer
000018,22294,DO NOT USE                         ,,,customer
000372,22745,DO NOT USE CPP                     ,8054886451,,customer
000227,22643,DO NOT USE SEE #241 SB ZEBRA IMAG ,5122515100,,customer
000146,22613,DO NOT USE. USE #162 INSTEAD LG    ,8005388450,,customer
,493605,Doosan Bobcat,,,customer
,420811,Douglas Machine Inc.,3207626318,,customer
000181,22468,DOWNS FORD MOTORSPORT             ,7323492240,,customer
000150,22572,DRESSER INDUSTRIA E COMERCIO LTDA ,,,customer
,415359,DREX Trade Inc.,,,customer
000496,22451,DUCOMMUN AEROSTRUCTURES,6263583211,,customer
000572,22535,DUCOMMUN INCORPORATED,5187312795,,customer
000221,22629,"DUCOMMUN LABARGE, INC. (HUNTSVILLE,",4797382191,,customer
,385199,Duncan Manufacturing Solutions,4024752611,,customer
000392,22751,DUNCAN SERVICES                   ,9797584603,,customer
,369090,Durex Industries,,,customer
,388855,Durex Products Inc,7154722111,,customer
000164,22578,DVC COMPANY                       ,5123019564,,customer
,745505,DWFritz Automation,5036824773,,customer
000553,22516,"DYNAMIC MANUFACTURING, LLC         ",5124863635,,customer
,446253,Dynavac,7817408600,,customer
000363,22795,EAGLE BOBSLED                     ,3106120805,,customer
000019,22295,EAGLE RACING TIRES                 ,5124420401,,customer
000003,22282,EASTMAN KODAK CO.                  ,5126516200,,customer
,612987,East West Manufacturing Enterprises,5122582303,,customer
000201,22649,EATON HYDRAULICS                  ,9522947959,,customer
,419267,Ebaluminum,7872051959,,customer
000353,22809,EEI MANUFACTURING SERVICES        ,7274614755,,customer
000209,22618,"EFD, INC.                         ",4014341680,,customer
000452,22409,E FUELING TECHNOLOGIES             ,5128352273,,customer
,395487,EIP Manufacturing LLC,8009422226,,customer
000175,22472,"ELAN MOTORSPORTS TECHNOLOGIES, INC.",7708670903,,customer
000012,22290,ELAN POWER PRODUCTS                ,7066582857,,customer
000229,22645,ELECTROL SYSTEMS                  ,2105996485,,customer
,396766,Electro-Metrics Corporation,5187622600,,customer
000501,22456,"ELECTRO-MOTIVE DIESEL, INC.        ",,,customer
000638,22599,ELLIOTT TOOL TECHNOLOGIES          ,9372536133,,customer
000251,22646,ELLISON MARINE                    ,9798284729,,customer
,461282,Elma Electronic,5106563400,,customer
000154,22521,EMBEDDED SYSTEMS DESIGN           ,8304010919,,customer
,27251,Embee Processing,,,customer
000141,22610,"EMIT, INC.                         ",5129289444,,customer
000042,22318,EMJ                                ,8003923361,,customer
000507,22462,EMTEQ INC.                         ,2626796170,,customer
000508,22284,"ENFLITE, INC.                      ",5128683399,,customer
000502,22457,ENO AMPLIFIERS LLC                 ,5128264807,,customer
000658,26029,Entegris,5122445281,,customer
,422890,"Enterprise Precast Concrete of Texas, LLC",9038751077,,customer
000062,22336,ENVIROPAK CORP.                    ,3147391202,,customer
000612,22566,ERICKSON TRUCKS                    ,,,customer
000605,22558,ESPY CORPORATION                   ,5122611016,,customer
000567,22817,ETHIOPIAN AIRLINES                 ,2515178407,,customer
000134,22604,ETS LINDGREN                       ,5125316400,,customer
000328,22813,EVERGREEN SOLUTIONS               ,5123890625,,customer
,52318,Everi,,,customer
000086,22367,EXACT SYSTEMS CORPORATION          ,5127965999,,customer
000459,22420,EXCEL DIRECTIONAL TECHNOLOGIES     ,5122668887,,customer
,437265,F3 Engineering,9734422290,,customer
000525,22490,"FABWORX SOLUTIONS, INC.            ",9726900800,,customer
000161,22525,FALK SUPPLY COMPANY               ,5123211231,,customer
000377,22837,FALK SUPPLY COMPANY - LITTLE ROCK ,5016643911,,customer
000017,22293,"FARO TECHNOLOGIES, INC.            ",4073339911,,customer
,421844,"Fathom Manufacturing, LLC",2623678254,,customer
000410,22856,F&D DEFENSE                        ,9036461927,,customer
000396,22754,"FERGUSON ENTERPRISES, INC. #781   ",5129335447,,customer
,420805,Ferrara Fire Apparatus,2255677100,,customer
,29016,Festo,,,customer
000458,22419,FIBERIO TECHNOLOGY CORP            ,9562075448,,customer
,385418,Fike Corporation,8009373453,,customer
000616,22570,FIREFLY AEROSPACE INC              ,,,customer
000215,22624,"FLAME TECHNOLOGIES, INC           ",5122198481,,customer
000476,22760,FLARE INDUSTRIES                   ,5128369473,,customer
000208,22617,"FLEA MEDICAL, INC.                ",6362276648,,customer
000279,22692,FLEXTRONICS                       ,2812953211,,customer
000599,22550,FLOODBREAK LLC                     ,7136299172,,customer
,388666,"FlowBelow Aero, Inc.",5125205350,,customer
000472,22432,"FLOWTEK, FLUOR DANIELS             ",8329122300,,customer
000499,22454,FMC TECHNOLOGIES                   ,3612893495,,customer
000204,22615,FOCUS INDUSTRIES CORP.            ,5124314455,,customer
000345,22807,"FORCE PROTECTION, INC.            ",8437407015,,customer
,28910,Fore Aero,,,customer
000593,22548,FORE MACHINE COMPANY INC           ,8178346251,,customer
,154797,Formaspace,,,customer
000538,22501,FOUR POINTS PLATINUM MACHINING     ,5125887916,,customer
000636,22591,FOXCONN                            ,,,customer
,292447,"Fox Robotics, Inc.",5122848591,,customer
000155,22576,"FREEDOM POWER SYSTEMS, INC.       ",5122590941,,customer
,722104,FRENCKEN MECHATRONICS,,,customer
000516,22485,FRONTIER ELECTRONIC SYSTEMS        ,4056245303,,customer
,498205,Frontier Electronic Systems Corp,4053727601,,customer
,414983,Frontmatec inc,8168912440,,customer
000371,22838,FROZEN BEVERAGE DISPENSERS        ,2106372835,,customer
,112398,Fuego Living,,,customer
000509,22479,FUTUREX,8309809782,,customer
000300,22779,"GALAXY MICROSYSTEMS, INC          ",5123394204,,customer
,592827,Gamma Aerospace,8174772193,,customer
000584,22825,GARRISON ARMS                      ,2100364425,,customer
000391,22750,"GATE MOLD, INC.                   ",5122553470,,customer
000128,22363,"GE ENERGY, LLC                     ",3024512673,,customer
000577,22533,GEMCITY ENGINEERING & MANUFACTURING,9372235544,,customer
,419274,Gemini Bakery Equipment Company,2156733520,,customer
,388651,Gem State Metals,2088559200,,customer
000054,22326,"GENERAL PATTERN CO., INC.          ",7637803518,,customer
000615,22569,GEOPHYSICAL SUPPLY COMPANY         ,7136664100,,customer
000180,22467,GERDES INSTRUMENTS                ,7138960349,,customer
,385445,Gfs supply & services company Inc,9736797318,,customer
,493714,"Ghafari Associates, LLC",3138203849,,customer
000550,22514,GKN AEROSPACE                      ,3342839224,,customer
000067,22341,"GLOBAL RAPID TECH, INC.            ",4019495826,,customer
000192,22632,"GLOBAL SOURCING & CONSULTING, INC ",4073239983,,customer
,414713,Golden Touch Handyman Services,8084378470,,customer
,27256,Gold Tech Industries,,,customer
000033,22313,"GP COMPANIES, INC.                 ",6514546500,,customer
000413,22860,GREENE TWEED & CO. PTE LTD.       ,8636568585,,customer
000358,22746,GREGOIRE PRODUCTS GROUP LP        ,8306267725,,customer
000009,22285,"GUARDIAN INSTRUMENTS, INC.         ",5122603554,,customer
,394659,Gudgeon,,,customer
,375297,Gulfstream Aerospace Corporation,9122514055,,customer
000393,22732,"GYRODATA, INC.                    ",7134613146,,customer
000276,22669,H2O EVOLUTION                     ,5126330394,,customer
,376905,H3 Dynamics,5125848027,,customer
000489,22776,HAGBROS PRECISION                  ,5123419368,,customer
000565,22798,HAGEMEYER                          ,2013383064,,customer
000360,22742,HALLIBURTON ENERGY SERVICES       ,2818716205,,customer
,427312,Hammond Manufacturing,5198222960,,customer
,27253,HAR-CONN - TX,,,customer
000702,570233,Harmonic Bionics,2282345889,,customer
000621,22582,"HARRISON ELECTROPOLISHING, LP      ",8324673100,,customer
,494287,Hartwell Corporation,,,customer
,465807,Haul-All Equipment Ltd.,8884285255,,customer
,466374,H.C. Starck GmbH,,,customer
,385222,HDR Inc,4023991000,,customer
000340,22805,HEARTLAND AUTOMOTIVE SERVICES     ,4023330990,,customer
,447608,Hella Automotive Mexico,5543619465,,customer
000398,22853,HEMIWEDGE VALVE CORPORATION       ,9365395770,,customer
000194,22470,HEMMINGER CONSTRUCTION            ,3306664166,,customer
,414769,"Henry Graphics, Inc.",7709323222,,customer
000058,22332,HERCON INSTRUMENTS                 ,2819552360,,customer
000632,22590,HERD NORTH AMERICA                 ,,,customer
000127,22401,HEWLETT-PACKARD COMPANY            ,8003255372,,customer
000109,22360,HEWLETT-PACKARD CS                 ,8003255372,,customer
000543,22507,HID GLOBAL                         ,5127769420,,customer
000120,22397,"HIGH END SYSTEMS, INC.             ",5128362242,,customer
,395603,Hill Air Force Base,8017775201,,customer
,429269,Hilldale Colony,4068790680,,customer
000523,22493,HILLER MEASUREMENTS                ,5123948356,,customer
000143,22611,"HILLIARD TECHNOLOGIES, INC.        ",8174887178,,customer
,450240,Hitachi-PES,9284626949,166,customer
000426,22864,HOUSE AND EARTH                    ,5124447900,,customer
000014,22296,HOWMET GEORGETOWN CASTING          ,2318947984,,customer
000102,22381,HP - AUSTIN                        ,8774727469,,customer
000370,22748,"HPI CORPORATE SERVICES, LLC       ",5128354455,,customer
000486,22443,HUP FATT BROTHERS ENGINEERING PTE  ,6567537135,,customer
000634,22537,HURST JAWS OF LIFE                 ,,,customer
000624,22583,HYLIION                            ,5122025412,,customer
,27252,Hytek Finishes,,,customer
000030,22304,ICHOR SYSTEMS,5122465570,,customer
000510,22435,ICHOR SYSTEMS SINGAPORE PTE LTD,14452,,customer
000238,22676,IDAHO NATIONAL LAB,5128730033,,customer
000631,22594, IDAHO NATIONAL LABORATORY,2085263157,,customer
,32062,IDEX Corp.,,,customer
000190,22630,ID-ONE                            ,5124730026,,customer
000405,22846,ILLUMITEX                         ,5122795020,,customer
,427309,"IMH Products, Inc",3172525566,,customer
,356923,INDICON,6109163993,,customer
000149,22520,INDUS INSTRUMENTS                 ,2812861130,,customer
,32437,Industial Service Solutions,,,customer
000247,22680,"INDUSTRIAL DATA WORKS, INC.       ",5124531720,,customer
000079,22346,INDUSTRIAL FABRICATORS             ,3612890901,,customer
,423993,Industrial Mill & Maintenance,8005371218,,customer
,415105,Industrial Welding & Fabricating Co,7164831411,,customer
000304,22783,INFINITE RESPONSE                 ,5125355599,,customer
000135,22605,"INGENUITY  CONCEPTS, LLC           ",6517654700,,customer
000506,22461,INNOVARI,5123182154,,customer
000254,22651,"INNOVATIVE ELECTRONICS, INC.      ",2812407355,,customer
000097,22376,"INSITU, INC.                       ",5129703204,,customer
000057,22331,INTEGRATED MFG. TECHNOLOGIES       ,5126702500,,customer
000325,22811,INTEGRICO COMPOSITES              ,2547436400,,customer
,480482,Intercontinental Truck Body,,,customer
000379,22770,IREX GROUP LTD                    ,5126824801,,customer
,451399,Irving Shipbuilding Inc.,9024239271,,customer
000355,22831,ISOCHRON                          ,5127322600,,customer
,747111,IT8,7372622984,,customer
000626,22584,ITEC                               ,8665748823,,customer
000674,22953,Jabil,,,customer
000639,22595,JABIL LUXEMBOURG MFG SARL - MEXICO ,,,customer
,22740,JACOBS INC,2146380145,,customer
,458323,Janicki Industries,3853197876,,customer
000549,22512,JAVIER ORTIZ                       ,5125526373,,customer
000318,22727,JERED PAR                         ,9122622000,,customer
,392866,JJG Aero Pvt Ltd,9198801206,,customer
000224,22641,JLJ UNITED                        ,5127337133,,customer
000069,22343,JL PRECISION                       ,,,customer
000064,22338,JMC PRODUCTS                       ,5128348866,,customer
000536,22513,"JOHNSON & SONS MFG, INC            ",5122852462,,customer
000061,22335,JOHNSTON PUMP                      ,2819346009,,customer
000530,22496,JP3 MEASUREMENTS LLC               ,5124223911,,customer
,435245,Kadant LLC,5136003884,,customer
,607100,Kairos Power,,,customer
000021,22298,KALINA MACHINABILITY               ,5122475345,,customer
,408725,Kane Aerospace,5624323276,,customer
000703,494396,Kane Robotics Inc,,,customer
000622,22587,KBG WELDING                        ,5122215059,,customer
,477333,KEMIKON SDN. BHD.,,,customer
000110,22361,"KEY FUNCTIONAL ASSESSMENTS, INC.   ",7607292732,,customer
,372355,Killdeer Mountain Manufacturing Inc.,7017645651,,customer
000641,22843,KIRT BUTLER,,,customer
000460,22421,"KLN STEEL PRODUCTS CO., LLC        ",2102274747,,customer
000566,22799,KLX AEROSPACE SOLUTIONS            ,3166304923,,customer
000326,22812,KODIAK ASSEMBLY                   ,5122751700,,customer
000547,22511,"KOMICO TECHNOLOGY, INC             ",5122382400,,customer
000441,22402,KORRY ELECTRONICS ESTERLINE        ,4252979700,,customer
000395,22753,KROHN RACING                      ,7709650835,,customer
000461,22422,KUSTOM KRATES                      ,5122729651,,customer
,162313,Kval Inc.,8005535825,,customer
000116,22394,"KWD MANUFACTURING, INC.            ",2109245999,,customer
000321,22729,"L2 CONSULTING SERVICES, INC.      ",5128943414,,customer
000529,22495,L3 MUSTANG TECHNOLOGY              ,8503314325,,customer
000237,22675,"LABARGE, INC. (BERRYVILLE, AR)    ",8704236936,,customer
000287,22697,"LABARGE, INC. (PITTSBURGH)        ",4128292700,,customer
000239,22663,"LABARGE, INC. (TULSA, OK)         ",9184592200,,customer
000266,22723,LABARGE (STAFFORD)                ,2812071400,,customer
,449449,Lafayette Instrument Co,7654231505,,customer
,394364,"Lake Air Metal Products, LLC",7635460994,,customer
000132,22602,LANCER PARTNERSHIP LTD             ,2103107000,,customer
000252,22700,L AND R METER SERVICE             ,9797734041,,customer
,415249,Laporte Experts Conseils,4186591135,,customer
,388648,Latitude Aero,8888822929,,customer
,446341,Lawrence Livermore National Laboratory,9254221100,,customer
000552,22515,LEE TOOLS & TOYS                   ,,,customer
000710,592830,Leonardo DRS Technologies,8145348729,,customer
000386,22796,"LEVEL 3 SYSTEMS, L.L.C.           ",5128793101,,customer
,350952,Libra Industries,9726640900,,customer
000290,22684,"LIFESIZE COMMUNICATIONS, INC.     ",5123479300,,customer
000294,22686,"LIFE-TECH, INC.                   ",2814916600,,customer
,419006,LightHouse for the Blind and Visually Impaired,,,customer
000434,22871,LITTLE BLOB OF GREEN               ,5125419118,,customer
000071,22345,LMB MACHINE SHOP                   ,5126013093,,customer
,447611,Lockheed Martin,6619659003,,customer
,484712,"Lotus USA, Inc",7077653969,,customer
000278,22671,"L&P MACHINE, INC.                 ",2098244749,,customer
000430,22873,LUMINEX                            ,5123363545,,customer
,26475,Lunewave INC,,,customer
000250,22699,M3 DESIGN                         ,5122188858,,customer
000380,22848,M7 AEROSPACE                      ,2108208630,,customer
000485,22773,MAGNETO SPEED LLC                  ,5123101400,,customer
000072,22351,"MANITOWOC PROTOTYPES, INC.         ",9206821388,,customer
,394656,Maple Leaf Manufacturing Inc,6106859887,,customer
000445,22407,MARIO HERNANDEZ                    ,2109302912,,customer
000052,22324,"MARK TWO ENGINEERING, INC.         ",3058893280,,customer
000165,22579,MARSHALL GAS CONTROLS             ,8008772495,,customer
000541,22504,MASTERS PRECISION                  ,6309860099,,customer
000685,350823,Maynard Inc,4794436677,,customer
,123869,Maysteel,,,customer
000285,22695,MCDONALD TECHNOLOGIES             ,2109301500,,customer
000557,22792,MCLERNON METHOD LLC                ,5127978492,,customer
,449227,MDC Precision,8004438817,,customer
000494,22449,MDSYSCO                            ,5129615653,,customer
000369,22816,"MEGABINGO, INC.                   ",5123347500,,customer
000490,22445,MEGLADON FIBER PRODUCT GROUP       ,5126234694,,customer
000436,22876,MENSOR CORPORATION                 ,5123964200,,customer
000159,22523,"MERCURY TOOL & MACHINE, INC.      ",2547521639,,customer
000098,22377,"MERTEK, INC.                       ",5124020269,,customer
,292103,MERYTEK,5124020269,,customer
,85194,Metals2go,,,customer
,673567,Metalworking Group,5136010698,,customer
000317,22726,METRICA CORP                      ,7049443510,,customer
000335,22769,"METRIX INDUSTRIES, LLC            ",8306934845,,customer
000112,22390,MICROBAR INCORPORATED              ,4085411040,,customer
000153,22575,MIKE MANGUM                       ,5126534823,,customer
,385409,Milwaukee Tool (Brookfield),8007293878,,customer
000334,22710,MINARDI TEAM USA                  ,3172413955,,customer
000333,22804,"MINARDI TEAM USA, LLC             ",,,customer
000583,22541,MISSION COMPETITION FITNESS EQUIPM ,8086351733,,customer
000206,22616,MITCH GOSS                        ,5122552883,,customer
000373,22839,M & M MACHINE WORKS               ,5124427456,,customer
,523051,Modern Industries,,,customer
000601,22552,MODE-WISE SERVICES LLC             ,5128006147,,customer
000203,22637,"MOLECULAR IMPRINTS, INC.          ",5123397760,,customer
,418294,Monroe Custom Utility Bodies,3178948684,,customer
,480485,Morton Industries,3092632590,,customer
,357732,Motivo Engineering,8446684861,,customer
000337,22712,"MOTOROLA, INC.                    ",5124277219,,customer
,419664,Mountain Mechanical Sales & Service Ltd.,2504256535,,customer
000196,22634,MUSTANG XTREME SPORT RACING       ,2488578278,,customer
000408,22755,MUTO TECHNOLOGY                   ,5122512211,,customer
000438,22878,NADA TECHNOLOGIES                  ,5124436232,,customer
000348,22738,NASA/JSC                          ,2814838957,,customer
,449338,National Carwash Solutions,5159863700,,customer
000188,22477,NATIONAL INSTRUMENTS              ,5127940100,,customer
000451,22757,NATIONAL OILWELL VARCO             ,5123405000,,customer
,451403,National Research Council Canada,6139939821,,customer
000217,22626,"NAVAL UNDERSEA WARFARE CTR, DK    ",3603153171,,customer
000032,22309,NAVINI NETWORKS                    ,9728524200,,customer
000481,22439,"NCS MULTISTAGE, LLC                ",2814532234,,customer
000470,22430,NEPCO INTERNATIONAL (MATRIX METALS),2813425511,,customer
000522,22488,"NET CELERITY, INC.                 ",5128254030,,customer
000339,22713,"NETSTREAMS, INC.                  ",5129779393,,customer
000121,22398,"NEWISYS, A SANMINA-SCI COMPANY     ",5123409050,,customer
000578,22536,NEWPORT CORPORATION                ,9498633144,,customer
000534,22506,NEXT DESK                          ,5126864564,,customer
,590836,Nextracker Inc.,7132812422,,customer
000068,22342,NLINE CORPORATION                  ,5124407720,,customer
000424,22863,NORDAM GROUP INC.                  ,9188786578,,customer
,417886,Nord Lock Inc,1412279114,,customer
,27255,NOR-ELL,,,customer
,388705,NORSK TITANIUM US INC.,5183244010,,customer
,494289,"Nortek Air Solutions, LLC",,,customer
,493609,Northrop Grumman Corp.,5123772222,,customer
000051,22329,NORTHROP GRUMMAN CORP.             ,3103311396,,customer
000289,22698,NUVENTIX                          ,5123828100,,customer
,27247,NxEdge,4087270893,4050,customer
000368,22744,OBSELETE ANUE                     ,8586239557,,customer
000342,22715,"OCEANEERING INTERNATIONAL, INC.   ",7133294500,,customer
000515,22484,"OFI TESTING EQUIPMENT, INC.",8323207333,,customer
000356,22832,OIL STATES INDUSTRIES             ,5125641700,,customer
000232,22658,"OMEGA OPTICS, INC.                ",5129968833,,customer
000108,22386,"ONE SOURCE MANUFACTURING, LLC      ",5122593272,,customer
000101,22380,OPTIMAS OE SOLUTIONS               ,6103958480,,customer
000136,22606,ORCA GREEN MARINE                  ,5125671330,,customer
,440883,Oregon Iron Works Inc.,3606947649,,customer
000220,22628,OTHER WORLD COMPUTING             ,8153388685,,customer
000038,22311,"OUTBOARD PROPULSION SYSTEMS, LLC   ",9046767685,,customer
,568243,Ovivo,5128346002,,customer
000283,22694,PAC                               ,2815800339,,customer
000065,22339,"PACIFIC CAST TECHNOLOGIES, INC     ",5419674835,,customer
000597,22802,PACIFIC DESIGN TECHNOLOGIES        ,8059619110,,customer
,426306,Panel Built Inc.,8006363873,,customer
,579361,Panthor Limited,4478503943,,customer
000235,22661,"PBV-USA, INC./ZY-TECH GLOBAL INDUS",2815651010,,customer
000532,22499,PCC AEROSTRUCTURES BRITTAN MACHINE ,3166163109,,customer
000045,22319,PEARSON MEDICAL TECHNOLOGIES       ,3186403603,,customer
000193,22464,PEMSTAR                           ,5124938931,,customer
,417850,Penn Stainless Products Inc,2155363053,,customer
000403,22850,"PENSKE RACING, INC                ",7046648589,,customer
,27257,Pentagon Technologies,,,customer
,423481,Perimeter Global Logistics,2147663993,,customer
,355340,Pfizer,,,customer
000189,22478,PGS RESEARCH US DIVISION          ,5129739002,,customer
000409,22855,PHILADELPHIA MOTORSPORTS          ,2677675034,,customer
000186,22475,PHIL PROKASKI                     ,5122586178,,customer
000383,22452,PINNACLE CNG SYSTEMS LLC          ,4326940202,,customer
000484,22442,PINNACLE TECHNOLOGIES              ,8326342257,,customer
,480475,"Pioneer Distributors, Inc.",7077190993,,customer
,385221,PJ Helicopters Inc,5305275059,,customer
,431488,Plasser American Corp.,7575433526,,customer
000214,22623,"PLASTIC TECHNOLOGY, INC           ",5122677697,,customer
000243,22677,PLATRON MANUFACTURING AND PLATING ,5129891362,,customer
000491,22446,PLEXUS MANUFACTURING SOLUTIONS     ,9157748472,,customer
,478110,PRAB,2693709906,,customer
,385431,Prairie Electric,3605732750,,customer
000083,22348,PRATT & WHITNEY                    ,5128376644,,customer
,27260,"PRECISE MACHINING, CO.",,,customer
000055,22330,"PRECISE TOOL & GAGE CO., INC.      ",8003334243,,customer
000487,22789,PRIMARY SOURCING                   ,7139520082,,customer
000323,22731,PRIMUS RACING PARTS               ,7278047417,,customer
000211,22620,PRO DESIGN TEAM LLC               ,7632588170,,customer
000404,22788,PROFESSIONAL COATING TECHNOLOGIES ,9722917474,,customer
000107,22385,PROGRESSIVE MILITARY TRAINING      ,5122932666,,customer
000199,22647,"PRO-IVC, LLC                      ",7637886965,,customer
,385196,Project Laser Cut CA,7862105352,,customer
000635,22598,PROJECTS UNLIMITED,5129900090,,customer
000332,22814,"PROJECTS UNLIMITED, INC.",9379182200,,customer
,391737,Pro Pac Ltee,4186852050,,customer
000177,22418,PROPER MOLD & ENGINEERING         ,5867798787,,customer
000573,22553,PROSPECT VENTURES                  ,,,customer
000295,22687,PROTECH PERFORMANCE               ,5124906494,,customer
000610,22563,PROTEUS BOAT LIFTS                 ,,,customer
,394246,Protocase Incorporated,8668493911,,customer
000144,22387,PROTO FAB ENTERPRISES              ,5125817493,,customer
000131,22601,"P. T. M. INTERNATIONAL, INC.       ",3054716900,,customer
000059,22333,PURE CASTINGS                      ,5124721330,,customer
,468342,Puritan Manufacturing Inc,4023413753,,customer
000717,672212,"QARBON AEROSPACE, LLC",4697192488,,customer
,496091,QUANTUM SIGN & FABRICATORS,6304660372,,customer
000147,22614,QUICKPARTS                         ,7709013200,,customer
000329,22707,QUICKSILVER RACENGINES            ,3016989009,,customer
000011,22287,"RADIANT PHOTONICS, INC.            ",5122570934,,customer
,260104,Radius Aerospace,5016224300,,customer
000350,22739,"RADIUS AEROSPACE-FT WORTH,INC      ",8174510620,,customer
,755098,Ram Alloys,7134461890,,vendor
000070,22344,"R. A. MICROJETS, INC.              ",3058636603,,customer
000613,22567,RANDOLPH AUSTIN COMPANY            ,8005315263,,customer
000483,22441,RAPID MACHINE SHOP                 ,2107247601,,customer
000365,22833,RAPID PCB DEVELOPMENT LLC         ,8778875777,,customer
000429,22869,"RAYDYNE ENERGY, INC.               ",5126694962,,customer
000103,22358,"RAYLAR DESIGN, INC.                ",5122523600,,customer
000421,22865,RCD INTERNATIONAL                  ,5128643100,,customer
000157,22403,"R & D MOLDERS, INC.               ",5123855761,,customer
,755906,Rebuild Manufacturing,,,customer
,141356,Redbird Flight Simulations,,,customer
,385217,Relativity Space,2282203772,,customer
,419106,Remora Carbon,7347444862,,customer
000684,357235,Renu Robotics,8335668268,,customer
000361,22810,"RESEARCH ANALYSIS & MAINT., INC.  ",2542889937,,customer
000366,22834,"RESPIRATORY RESEARCH, INC.        ",8772547693,,customer
000630,22589,RETRONIX SEMICONDUCTOR             ,5128085659,,customer
000533,22498,"REVEILLE PEAK RANCH, LLC           ",5127551177,,customer
000574,22800,REVIVAL CYCLES                     ,,,customer
,385202,Rexarc International Inc,9378394604,,customer
000629,22588,RHINESTAHL - CTS                   ,5132046245,,customer
,440889,Rhino Tool House,8887277882,,customer
000114,22392,RIMAGE                             ,9529448144,,customer
,487823,Riotinto Weipa,,,customer
,617744,"RJE International, Inc. / Oceanbotics, Inc.",9497279399,41,customer
000271,22704,RJ PRECISION MACHINING            ,5122593000,,customer
000466,22426,ROSE ELECTRONICS                   ,2819337673,,customer
000690,480872,"Rotating Composite Technologies, LLC",8608296809,,customer
000667,259847,Royal Composites,3088322760,,customer
000349,22828,SABEREX GROUP LTD                 ,5126154604,,customer
000482,22440,"SAFRAN ELECTRICAL & POWER USA, LLC ",,,customer
000535,22500,SAFT AMERICA INC.                  ,2292452949,,customer
000025,22300,SAIA BURGESS ELECTRONICS           ,8472159600,,customer
000640,22596,SAIC,973439280,,customer
000185,22474,SANMINA-SCI CORPORATION           ,5129775050,,customer
,641337,SARONIC,,,customer
000389,22822,SCHLUMBERGER                       ,7138491700,,customer
000172,22415,SCHLUMBERGER RESERVOIR COMPLETIONS,2812855810,,customer
000467,22427,SCHROEDER AMERICA                  ,2106628200,,customer
000676,124282,Schweizer RSG LLC,,,customer
000608,22561,"SCIENCE & ENGINEERING SERVICES, LLC",4435390139,,customer
,427307,Seaberg Industries Inc.,5634452130,,customer
000056,22327,"SECRETARY OF STATE, UCC DIVISION   ",5124752700,,customer
000277,22670,SEE #359 ** ASCENDANT ENGINEERING ,5123715704,,customer
000311,22724,"SEMICONDUCTOR SUPPORT SERVICES,CO.",5122677087,,customer
,34400,Semtive,,,customer
,480491,Senneca,,,customer
000718,461190,Serbin Machining Inc.,5058232211,,customer
000173,22416,SERMATECH CASTINGS                ,3055994100,,customer
000197,22635,SHELLCAST FOUNDRIES INC.          ,513223760,,customer
000594,22554,SHOT FORCE                         ,7407533927,,customer
,394397,Siemens,,,customer
,610739,Siemens Energy,3466271206,,customer
000473,22433,SIERRA MICROWAVE                   ,5128695007,,customer
000517,22790,SIGNATURE SCIENCE                  ,5125332087,,customer
,393927,Signature Sign & Image,9053570885,,customer
000273,22706,"SILICON HILLS DESIGN, INC.        ",5128361088,,customer
,129477,SISU,,,customer
000598,22549,SKYRUNNER LLC                      ,318219572,,customer
000060,22334,SMT                                ,6309613000,,customer
000183,22469,"SOLID CONCEPTS, INC.              ",6612579300,,customer
000492,22447,SONUS                              ,9786148557,,customer
,444880,Soucy Group,8194749008,2531,customer
000618,22580,SOUTHEASTERN METAL PRODUCTS LLC    ,,,customer
000417,22854,SOUTHWEST RESEARCH INSTITUTE      ,2105225982,,customer
000663,27939,SpaceX,3106824435,,customer
000296,22688,SPARKMEN INDUSTRIES               ,3615730001,,customer
000307,22763,SPECTRA DYNAMICS                  ,5122552233,,customer
000010,22286,SPECTRO ANALYTICAL INSTRUMENTS GMBH,,,customer
000138,22365,SPENCER MACHINE & ENGINEERING      ,7156594525,,customer
000416,22859,"SPIRIT AEROSYSTEMS, INC.          ",3165264912,,customer
000617,22571,SPIRIT OF SAN ANTONIO,2107623799,,customer
000330,22768,SPORTSCAR PERFORMANCE             ,8172655299,,customer
000585,22539,"SQUARE HOUSE BUILDINGS, LLC        ",512293650,,customer
000255,22652,"SSC, INC.                         ",5123890433,,customer
,648806,Standex Electronics,8667826339,,customer
000390,22749,STARVISION TECHNOLOGIES           ,9792605015,,customer
000275,22668,"STEAG HAMATECH USA, INC.          ",5129291880,,customer
000480,22437,STEALTH PRODUCTS                   ,5127159995,,customer
000607,22565,STEELSENTRY                        ,5122847867,,customer
000322,22730,"STEPHEN GOULD, INC.               ",5104452315,,customer
,415368,Sterling Promotional Group,8883109963,,customer
000440,22388,STI CEMS SERVICES                  ,4796372696,,customer
000191,22631,STOP TECH LLC                     ,3103254799,,customer
000265,22722,STRATAGENE                        ,8585355400,,customer
,477336,STS Aviation Services,3212370305,,customer
,539619,Suntronic LLC,9722319098,,customer
,745052,Supply Technologies,,,customer
000558,22519,SURGE PERFORMANCE TRAINING LLC     ,5126940678,,customer
,27264,"SWEENEY'S CUSTOM MACHINING, INC.",,,customer
000084,22349,"SYMTX, INC                         ",5123287799,,customer
000074,22353,"SYNERGEERING GROUP, LLC            ",3132153076,,customer
,421502,Synergy Resources,6316652050,,customer
000263,22720,SYNETICS SOLUTIONS                ,5034656000,,customer
,426360,Systel,2813133600,,customer
000319,22786,SYSTEL                            ,2813133600,,customer
000096,22375,T2 MOTORSPORTS                     ,5126944602,,customer
000268,22701,TABERNUS                          ,5123729823,,customer
000041,22317,"TAKATA SEAT BELTS, INC.            ",2102505093,,customer
,419088,Tampco Inc,3368351895,,customer
000210,22619,TANISYS TECHNOLOGY                ,5123354440,,customer
000088,22369,TARA TECHNOLOGIES CORPORATION      ,3862530628,,customer
000050,22323,TAYLOR MASON                       ,2107335455,,customer
000346,22794,TAYLOR RACE ENGINEERING INC.      ,9724220567,,customer
000245,22678,"TAYLOR VALVE TECHNOLOGY, INC.     ",4057870145,,customer
000464,22425,TD WILLIAMSON                      ,8888396766,,customer
000554,22517,"TECAL MANUFACTURING, LLC           ",9155931413,,customer
,27258,Tech Metals,,,customer
,484735,"Technology International, Inc.",4073592373,,customer
000412,22857,TECH PLASTICS                     ,5127597538,,customer
000234,22660,TECMAG                            ,7136678747,,customer
,385441,Tec Service Solutions LLC,2123756703,,customer
000219,22638,TEFTEC CORPORATION                ,2104770330,,customer
000347,22808,TELEDYNE GEOPHYSICAL INSTRUMENTS  ,7136662561,,customer
000310,22766,"TELEDYNE INSTRUMENTS, INC.         ",5085482077,,customer
000591,22544,TERADYNE                           ,5127361780,,customer
000303,22782,TESCO                             ,2542889937,,customer
000259,22653,TESCOM**                          ,5122446689,,customer
,395494,Tesla,4044292204,,customer
000447,22737,TEST                               ,,,customer
000660,28397,Testing Example Company,,,customer
,776471,"Tetra Mold and Tool, Inc.",9378451651,,customer
000469,22429,TEXAS AIR SERVICES INC             ,2813377763,,customer
000274,22667,TEXAS A&M UNIVERSITY              ,5855066737,,customer
,27246,Texas Heat Treating,5122555884,,customer
000248,22681,"TEXAS HYDRAULICS, INC.            ",2547704701,,customer
,34821,Texas Weapon Systems,,,customer
000222,22639,"TEXZEC, INC.                      ",5122554440,,customer
000034,22314,THE BOEING COMPANY                 ,3142336182,,customer
,105132,The Boring Company,,,customer
,385313,The Navy,7036950965,,customer
,418295,ThermaPlate,9722131050,,customer
000556,22540,THERMASLO STEAM BATH CO.           ,8058138447,,customer
000233,22659,THERMO ELECTRON CORPORATION       ,5123889351,,customer
000336,22711,THERMO FISHER                     ,7637832500,,customer
000231,22657,THERMON MANUFACTURING COMPANY     ,5123965801,,customer
,388660,The Slate River Systems Inc.,8332286902,,customer
000586,22542,THINKBOT SOLUTIONS LLC             ,5122227531,,customer
000479,22761,THORLABS SCIENTIFIC IMAGING        ,9733002577,,customer
000338,22708,THRUBIT SOLUTIONS                 ,2817694501,,customer
000463,22424,THRUSTMASTER OF TEXAS              ,7139376295,,customer
,651384,TITAN Engineering & Automation Ltd  (TEAL),,,customer
000264,22721,TLB INTERNATIONAL                 ,5124394406,,customer
000044,22320,TODAY'S KIDS                       ,9724049335,,customer
000351,22829,TODD HAYES                        ,4359011889,,customer
000427,22870,TOLTEQ                             ,5123314241,,customer
000316,22767,TOOLMEN                           ,5122550003,,customer
000422,22867,TOP FLIGHT AEROSTRUCTURES          ,6782131370,,customer
,27267,TOP J METAL WORKS LLC,,,customer
000111,22389,"TORMAX TECHNOLOGIES, INC.          ",2104943551,,customer
000511,22480,TOSHIBA INTERNATIONAL CORPORATION,7134660277,,customer
000609,22562,TOUCH INTERNATIONAL                ,5126460340,,customer
000280,22672,"TOYOTA TSUSHO AMERICA, INC.       ",2107980900,,customer
000505,22460,TRANSATLANTIC RACEPARTS LTD        ,7708890499,,customer
,629965,TransPak,,,customer
000182,22473,TRI-AUSTIN                        ,5122632101,,customer
000713,682372,Trigger Empire,9109641007,,customer
000039,22316,TRI-M MACHINE                      ,5123889757,,customer
000442,22735,TRIUMPH AEROSTRUCTURES- TULSA      ,,,customer
000260,22718,"TRIUMPH AIRBORNE STRUCTURES, INC. ",5012621555,,customer
000400,22840,TRIUMPH AIR REPAIR                ,6024371144,,customer
000407,22778,"TRIUMPH AVIATION SERVICES ASIA,LTD",6638465070,,customer
000444,22736,TRIUMPH FABRICATIONS HS            ,5016232883,,customer
000082,22359,TRUTH HARDWARE                     ,5074515620,,customer
000267,22691,TR WILSON ENTERPRISES             ,5123525098,,customer
000213,22622,"TURBINE RECOVERY, INC.            ",2103647763,,customer
,27249,"TURN-KEY COATINGS, INC.",,,customer
000414,22734,UCT/ADVANCED INTEGRATION TECHNOLOGI,4809400036,,customer
,153327,UICO,,,customer
000453,22410,ULTRA CLEAN ASIA PACIFIC PTE LTD   ,6567557577,,customer
000167,22413,ULTRA CLEAN TECHNOLOGY,5122526100,,customer
000341,22714,"ULTRA CLEAN TECH SHANGHAI CO., LTD",,,customer
000455,22411,ULTRA ELECTRONICS ADVANCED TACTICAL,5123276795,,customer
000581,22801,ULTRA ELECTRONICS ICE              ,7857766423,,customer
000633,22597,"ULTRA ELECTRONICS, NSPI            ",5124342800,,customer
000272,22705,ULTRA ELECTRONICS-NUCLEAR SENSORS,5124342825,,customer
000643,22858,ULTRA ELECTRONICS PRECISION CONTROL,,,customer
000670,221800,ULTRA ENERGY,5124342997,,customer
000288,22683,"ULTRALIFE BATTERIES, INC.         ",3153327100,,customer
000596,22559,UNDERGROUND TACTICAL               ,5122889292,,customer
000171,22471,"UNIDYNAMICS, INC.                 ",9365394545,,customer
000559,22528,UNIGEN                             ,5125848181,,customer
,437252,United Ammunition Containers,7316868303,,customer
,744682,"United Aviation Accessories, Inc.",8174478000,123,customer
,154595,University of Texas,,,customer
000258,22654,UPLINK CORP.                      ,5123391388,,customer
000568,22823,UPTIME SOLUTIONS                   ,5122361177,,customer
,422881,US Air Force,3256962303,,customer
000187,22476,US BRAKE                          ,8128977651,,customer
000419,22774,U.S. GOVERNMENT                    ,8042794066,,customer
000118,22396,U.T. CENTER FOR ELECTROMECHANICS   ,5122321614,,customer
000160,22524,UT-PRC/MER                        ,5124718120,,customer
000166,22412,"VALENCE TECHNOLOGY, INC.          ",5125272931,,customer
,649135,Valex,,,customer
,431468,Valex USA  |  Corporate Office & Manufacturing,5122128100,,customer
,26121,Vallen,9723047225,,customer
,425725,Valley Tool & Manufacturing Co. Inc.,8004265615,,customer
,480853,Valor Tactical Innovation,9702438750,,customer
000305,22762,VALVTECHNOLOGIES                   ,7138600400,,customer
,456262,Vaughn Industries,8303874314,,customer
,86800,Veeder-Root Co.,,,customer
000015,22291,VENTEX CORPORATION                 ,5122827996,,customer
,385443,Veritas Tools Inc.,3153931967,,customer
,468462,Vermeer Corporation,,,customer
,609548,Versus Aerospace,,,customer
000454,22758,VERTICAL AEROSPACE                 ,9186220007,,customer
,415404,Viaggio Pontoon Boats,5746220490,,customer
000122,22399,VIAS INTERNATIONAL LLC             ,5124522701,,customer
000244,22662,VIRTEX ASSEMBLY SERVICES          ,5128356772,,customer
000457,22772,VIRYD TECHNOLOGIES                 ,5128792807,,customer
000242,22665,"VI TECHNOLOGY, INC.               ",5123214401,,customer
000528,22494,VOLTABOX                           ,5128143700,,customer
000023,22305,VOUGHT SHEET METAL                 ,5129268790,,customer
,420814,Wabash,,,customer
000093,22374,WAYNE FUELING SYSTEMS LLC          ,5123888311,,customer
000226,22655,WAYNE US LOCATION                 ,2604958383,,customer
000495,22450,WEATHERFORD                        ,8325904361,,customer
000031,22308,"WENZEL ASSOCIATES, INC.            ",5124501400,,customer
000518,22486,WESCO AIRCRAFT                     ,6617757200,,customer
,468343,"West Coast Manufacturing, Inc.",7148974221,,customer
000246,22679,WESTERN INDUSTRIES CORPORATION    ,5128321197,,customer
000106,22384,"WESTERN PRECISION, INC.            ",5123852272,,customer
000385,22777,WESTERN SLOPE INDUSTRIES INC      ,,,customer
,451400,"Westmor Industries, LLC",3205892100,,customer
000124,22400,WHEELS OF AMERICA                  ,2143309166,,customer
000362,22815,"WINDWARD, INC.                    ",9857269401,,customer
000387,22797,WINGMAN                           ,5124703912,,customer
,478396,Wm Winkler Co,5094896100,,customer
000130,22600,"WOLFE ENGINEERING, INC.            ",4082322600,,customer
,260009,Wolfram MFG,,,customer
000139,22608,WORKBENCH WIZARDS                  ,5129134138,,customer
000145,22612,"WORLDWIDE WIDGET WORKS, LLC        ",5125029551,,customer
000439,22405,WOVEN ELECTRONICS                  ,8649635131,,customer
000170,22463,"W&W VACUUM & COMPRESSORS, INC.    ",3256954637,,customer
,480776,X-Bow Systems,5057729577,,customer
000384,22771,XENETECH                          ,2257520225,,customer
000539,22502,XILIX SYSTEMS LLC                  ,5125094549,,customer
000500,22455,X TECHNOLOGIES INC,2108228712,,customer
000456,22759,XTREME POWER                       ,5122688191,,customer
000560,22529,YULISTA AVIATION INC               ,9072752800,,customer
,43628,Zach@lunewave.com,,,customer
000241,22664,"ZEBRA IMAGING, INC                ",5122515100,,customer
000357,22741,"ZILKER LABS, INC.                 ",5123828300,,customer
