quote_number,quote_revision,quote_status,quote_due_date,quote_created,item_id,part_number,revision,description,quantity,unit_price,total_price,lead_time,material,process,is_fully_configured,part_uuid,export_controlled
7450,,expired,2025-04-16T17:00:00+00:00,2025-04-07T18:44:11.878682+00:00,6846973,,,,,,,,,,,,True
7451,,outstanding,2025-05-20T17:00:00+00:00,2025-04-07T18:48:19.391157+00:00,6877611,,,,,,,,,,,,False
7451,,outstanding,2025-05-20T17:00:00+00:00,2025-04-07T18:48:19.391157+00:00,6877764,,,,,,,,,,,,False
7451,,outstanding,2025-05-20T17:00:00+00:00,2025-04-07T18:48:19.391157+00:00,6877983,,,,,,,,,,,,False
7451,,outstanding,2025-05-20T17:00:00+00:00,2025-04-07T18:48:19.391157+00:00,6847042,,,,,,,,,,,,False
7451,,outstanding,2025-05-20T17:00:00+00:00,2025-04-07T18:48:19.391157+00:00,6879099,,,,,,,,,,,,False
7451,,outstanding,2025-05-20T17:00:00+00:00,2025-04-07T18:48:19.391157+00:00,6880879,,,,,,,,,,,,False
7451,,outstanding,2025-05-20T17:00:00+00:00,2025-04-07T18:48:19.391157+00:00,6881063,,,,,,,,,,,,False
7451,,outstanding,2025-05-20T17:00:00+00:00,2025-04-07T18:48:19.391157+00:00,6847046,,,,,,,,,,,,False
7451,,outstanding,2025-05-20T17:00:00+00:00,2025-04-07T18:48:19.391157+00:00,6847047,,,,,,,,,,,,False
7451,,outstanding,2025-05-20T17:00:00+00:00,2025-04-07T18:48:19.391157+00:00,6881724,,,,,,,,,,,,False
7451,,outstanding,2025-05-20T17:00:00+00:00,2025-04-07T18:48:19.391157+00:00,6882182,,,,,,,,,,,,False
7451,,outstanding,2025-05-20T17:00:00+00:00,2025-04-07T18:48:19.391157+00:00,6847050,,,,,,,,,,,,False
7451,,outstanding,2025-05-20T17:00:00+00:00,2025-04-07T18:48:19.391157+00:00,6882859,,,,,,,,,,,,False
7451,,outstanding,2025-05-20T17:00:00+00:00,2025-04-07T18:48:19.391157+00:00,6847189,,,,,,,,,,,,False
7451,,outstanding,2025-05-20T17:00:00+00:00,2025-04-07T18:48:19.391157+00:00,6883595,,,,,,,,,,,,False
7451,,outstanding,2025-05-20T17:00:00+00:00,2025-04-07T18:48:19.391157+00:00,6883746,,,,,,,,,,,,False
7451,,outstanding,2025-05-20T17:00:00+00:00,2025-04-07T18:48:19.391157+00:00,6884560,,,,,,,,,,,,False
7451,,outstanding,2025-05-20T17:00:00+00:00,2025-04-07T18:48:19.391157+00:00,6847193,,,,,,,,,,,,False
7451,,outstanding,2025-05-20T17:00:00+00:00,2025-04-07T18:48:19.391157+00:00,6847194,,,,,,,,,,,,False
7451,,outstanding,2025-05-20T17:00:00+00:00,2025-04-07T18:48:19.391157+00:00,6847195,,,,,,,,,,,,False
7451,,outstanding,2025-05-20T17:00:00+00:00,2025-04-07T18:48:19.391157+00:00,6885056,,,,,,,,,,,,False
7451,,outstanding,2025-05-20T17:00:00+00:00,2025-04-07T18:48:19.391157+00:00,6847197,,,,,,,,,,,,False
7452,,expired,2025-04-16T17:00:00+00:00,2025-04-07T18:48:58.869953+00:00,6846993,,,,,,,,,,,,True
7453,,expired,2025-04-18T17:00:00+00:00,2025-04-07T18:51:08.830996+00:00,6847022,,,,,,,,,,,,True
7454,,expired,2025-04-18T17:00:00+00:00,2025-04-07T18:54:28.228411+00:00,6847101,,,,,,,,,,,,True
7455,,expired,2025-04-16T17:00:00+00:00,2025-04-07T18:59:42.281031+00:00,6847225,,,,,,,,,,,,True
7456,,expired,2025-04-24T17:00:00+00:00,2025-04-07T19:01:41.661297+00:00,6847255,,,,,,,,,,,,True
7457,,expired,2025-04-16T17:00:00+00:00,2025-04-07T19:03:29.690791+00:00,6859634,,,,,,,,,,,,True
7458,,expired,2025-04-16T17:00:00+00:00,2025-04-07T19:07:09.711971+00:00,6847395,,,,,,,,,,,,True
7458,,expired,2025-04-16T17:00:00+00:00,2025-04-07T19:07:09.711971+00:00,6847405,,,,,,,,,,,,True
7459,,expired,2025-04-25T17:00:00+00:00,2025-04-07T19:15:13.855288+00:00,6847587,,,,,,,,,,,,True
7460,,cancelled,2025-04-16T17:00:00+00:00,2025-04-07T19:17:46.776679+00:00,6847723,,,,,,,,,,,,True
7461,,expired,2025-04-11T15:17:51.264014+00:00,2025-04-08T15:17:51.276355+00:00,6855588,,,,,,,,,,,,False
7462,,expired,2025-05-10T17:00:00+00:00,2025-04-08T17:08:05.320815+00:00,6858069,,,,,,,,,,,,False
7463,,expired,2025-04-11T17:10:11.131203+00:00,2025-04-08T17:10:11.140699+00:00,6858128,,,,,,,,,,,,True
7464,,expired,2025-04-11T17:00:00+00:00,2025-04-08T17:13:30.870438+00:00,6858145,,,,,,,,,,,,False
7465,,trash,2025-04-10T17:00:00+00:00,2025-04-08T17:33:06.902093+00:00,6858512,,,,,,,,,,,,False
7466,,expired,2025-05-10T17:00:00+00:00,2025-04-08T17:37:23.317653+00:00,6858986,,,,,,,,,,,,False
7467,,expired,2025-04-21T17:00:00+00:00,2025-04-08T18:11:21.347019+00:00,6859458,,,,,,,,,,,,True
7467,,expired,2025-04-21T17:00:00+00:00,2025-04-08T18:11:21.347019+00:00,6859500,,,,,,,,,,,,True
7467,,expired,2025-04-21T17:00:00+00:00,2025-04-08T18:11:21.347019+00:00,6859463,,,,,,,,,,,,True
7468,,expired,2025-04-14T17:00:00+00:00,2025-04-08T18:25:18.391872+00:00,6859704,,,,,,,,,,,,False
7469,,expired,2025-04-17T17:00:00+00:00,2025-04-08T18:45:11.269071+00:00,6860169,,,,,,,,,,,,True
7470,,trash,2025-04-11T20:29:14.597646+00:00,2025-04-08T20:29:14.612172+00:00,6862250,,,,,,,,,,,,False
7470,,trash,2025-04-11T20:29:14.597646+00:00,2025-04-08T20:29:14.612172+00:00,6862306,,,,,,,,,,,,False
7470,,trash,2025-04-11T20:29:14.597646+00:00,2025-04-08T20:29:14.612172+00:00,6862307,,,,,,,,,,,,False
7470,,trash,2025-04-11T20:29:14.597646+00:00,2025-04-08T20:29:14.612172+00:00,6862308,,,,,,,,,,,,False
7471,,outstanding,2025-04-12T16:06:49.758778+00:00,2025-04-09T16:06:49.771351+00:00,7146138,,,,,,,,,,,,False
7472,,expired,2025-04-18T17:00:00+00:00,2025-04-09T16:40:48.806993+00:00,6953589,,,,,,,,,,,,True
7472,,expired,2025-04-18T17:00:00+00:00,2025-04-09T16:40:48.806993+00:00,6953669,,,,,,,,,,,,True
7473,,expired,2025-04-18T17:00:00+00:00,2025-04-09T16:52:40.891998+00:00,6869684,,,,,,,,,,,,True
7474,,accepted,2025-04-18T17:00:00+00:00,2025-04-09T16:59:49.372556+00:00,6869805,,,,,,,,,,,,True
7475,,expired,2025-04-29T17:00:00+00:00,2025-04-09T17:08:38.873164+00:00,6869932,,,,,,,,,,,,True
7476,,expired,2025-04-21T17:00:00+00:00,2025-04-09T17:11:57.359966+00:00,6870032,,,,,,,,,,,,True
7477,,outstanding,2025-04-15T17:00:00+00:00,2025-04-09T17:21:20.587807+00:00,6909945,,,,,,,,,,,,False
7477,,outstanding,2025-04-15T17:00:00+00:00,2025-04-09T17:21:20.587807+00:00,6909628,,,,,,,,,,,,False
7477,,outstanding,2025-04-15T17:00:00+00:00,2025-04-09T17:21:20.587807+00:00,6909587,,,,,,,,,,,,False
7478,,outstanding,2025-04-15T17:00:00+00:00,2025-04-09T17:26:55.531079+00:00,6870527,,,,,,,,,,,,False
7479,,outstanding,2025-04-15T17:00:00+00:00,2025-04-09T17:55:40.396350+00:00,6871021,,,,,,,,,,,,False
7480,,outstanding,2025-04-28T17:00:00+00:00,2025-04-09T18:03:25.980745+00:00,6871187,,,,,,,,,,,,False
7481,,expired,2025-04-12T18:07:43.127983+00:00,2025-04-09T18:07:43.140117+00:00,6871263,,,,,,,,,,,,True
7482,,trash,2025-04-14T17:00:00+00:00,2025-04-09T18:11:29.826989+00:00,6872090,,,,,,,,,,,,False
7483,,outstanding,2025-04-16T17:00:00+00:00,2025-04-09T18:18:07.020258+00:00,6871652,,,,,,,,,,,,False
7484,,expired,2025-04-15T17:00:00+00:00,2025-04-09T18:26:19.318163+00:00,6871819,,,,,,,,,,,,True
7484,,expired,2025-04-15T17:00:00+00:00,2025-04-09T18:26:19.318163+00:00,6871822,,,,,,,,,,,,True
7484,,expired,2025-04-15T17:00:00+00:00,2025-04-09T18:26:19.318163+00:00,6871826,,,,,,,,,,,,True
7484,,expired,2025-04-15T17:00:00+00:00,2025-04-09T18:26:19.318163+00:00,6871830,,,,,,,,,,,,True
7484,,expired,2025-04-15T17:00:00+00:00,2025-04-09T18:26:19.318163+00:00,6871832,,,,,,,,,,,,True
7484,,expired,2025-04-15T17:00:00+00:00,2025-04-09T18:26:19.318163+00:00,6871982,,,,,,,,,,,,True
7485,,expired,2025-04-12T21:30:19.253227+00:00,2025-04-09T21:30:19.265456+00:00,6875048,,,,,,,,,,,,False
7486,,expired,2025-04-11T17:00:00+00:00,2025-04-10T19:59:58.843649+00:00,6885547,,,,,,,,,,,,True
7487,,expired,2025-04-22T17:00:00+00:00,2025-04-10T20:15:05.857683+00:00,6885904,,,,,,,,,,,,True
7488,,cancelled,2025-04-22T17:00:00+00:00,2025-04-10T20:18:21.846092+00:00,6886034,,,,,,,,,,,,True
7489,,expired,2025-04-25T17:00:00+00:00,2025-04-10T20:21:54.103526+00:00,6886100,,,,,,,,,,,,True
7490,,expired,2025-04-13T20:26:07.241322+00:00,2025-04-10T20:26:07.252429+00:00,6886188,,,,,,,,,,,,True
7491,,cancelled,2025-04-24T17:00:00+00:00,2025-04-10T20:32:02.266498+00:00,6886317,,,,,,,,,,,,True
7492,,outstanding,2025-04-18T17:00:00+00:00,2025-04-10T20:34:27.025730+00:00,6886364,,,,,,,,,,,,False
7493,,outstanding,2025-04-17T17:00:00+00:00,2025-04-10T20:41:50.534961+00:00,6886530,,,,,,,,,,,,False
7493,,outstanding,2025-04-17T17:00:00+00:00,2025-04-10T20:41:50.534961+00:00,6886398,,,,,,,,,,,,False
7493,,outstanding,2025-04-17T17:00:00+00:00,2025-04-10T20:41:50.534961+00:00,6886399,,,,,,,,,,,,False
7493,,outstanding,2025-04-17T17:00:00+00:00,2025-04-10T20:41:50.534961+00:00,6886400,,,,,,,,,,,,False
7493,,outstanding,2025-04-17T17:00:00+00:00,2025-04-10T20:41:50.534961+00:00,6886401,,,,,,,,,,,,False
7493,,outstanding,2025-04-17T17:00:00+00:00,2025-04-10T20:41:50.534961+00:00,6886402,,,,,,,,,,,,False
7493,,outstanding,2025-04-17T17:00:00+00:00,2025-04-10T20:41:50.534961+00:00,6952273,,,,,,,,,,,,False
7493,,outstanding,2025-04-17T17:00:00+00:00,2025-04-10T20:41:50.534961+00:00,6886404,,,,,,,,,,,,False
7493,,outstanding,2025-04-17T17:00:00+00:00,2025-04-10T20:41:50.534961+00:00,6886405,,,,,,,,,,,,False
7493,,outstanding,2025-04-17T17:00:00+00:00,2025-04-10T20:41:50.534961+00:00,6952458,,,,,,,,,,,,False
7493,,outstanding,2025-04-17T17:00:00+00:00,2025-04-10T20:41:50.534961+00:00,6952480,,,,,,,,,,,,False
7493,,outstanding,2025-04-17T17:00:00+00:00,2025-04-10T20:41:50.534961+00:00,6886408,,,,,,,,,,,,False
7493,,outstanding,2025-04-17T17:00:00+00:00,2025-04-10T20:41:50.534961+00:00,6952483,,,,,,,,,,,,False
7494,,outstanding,2025-04-18T17:00:00+00:00,2025-04-11T10:39:18.893586+00:00,6888819,,,,,,,,,,,,False
7495,,expired,2025-04-17T17:00:00+00:00,2025-04-11T19:10:56.885094+00:00,6896984,,,,,,,,,,,,False
7495,,expired,2025-04-17T17:00:00+00:00,2025-04-11T19:10:56.885094+00:00,6896985,,,,,,,,,,,,False
7496,,expired,2025-04-18T17:00:00+00:00,2025-04-11T19:15:52.703563+00:00,6897127,,,,,,,,,,,,False
7496,,expired,2025-04-18T17:00:00+00:00,2025-04-11T19:15:52.703563+00:00,6910317,,,,,,,,,,,,False
7497,,accepted,2025-04-20T17:00:00+00:00,2025-04-11T19:21:34.795296+00:00,6897286,,,,,,,,,,,,False
7498,,outstanding,2025-04-14T19:26:02.141597+00:00,2025-04-11T19:26:02.157618+00:00,6899262,,,,,,,,,,,,False
7499,,outstanding,2025-04-14T19:29:48.053890+00:00,2025-04-11T19:29:48.062299+00:00,6897359,,,,,,,,,,,,False
