id,name,phone,erp_code,type,url
22198,000124                   C: Paperless Parts,,000124,customer,
22383,1ST QUALITY METAL SOLUTIONS        ,4233454945,000105,customer,
22847,360 PROTOTYPING LLC                ,5123101400,000401,customer,
22283,3D SYSTEMS CORPORATION             ,,000004,customer,
22505,3M                                 ,6517372801,000542,customer,
22785,"3PS, INC.                         ",5127595137,000314,customer,
22288,4D DESIGN                          ,5122180100,000005,customer,
22574,"962, INC.                         ",5123109431,000152,customer,
22481,AAI CORPORATION,5123287799,000512,customer,www.aaicorp.com
465651,AAR Airframe Services,2263504500,,customer,https://www.aarcorp.com/en/services/airframe-maintenance
22527,"AAVID THERMALLOY, LLC              ",5123828121,000548,customer,www.aavid.com
419258,ABCO Industries Inc,9026348821,,customer,https://abco.ca
294425,Able Aerospace Services,6023041227,,customer,www.ableengineering.com
22414,"ACCELERATE PMG, INC.              ",5125068668,000169,customer,
22640,"ACCRETECH USA, INC.               ",5122464535,000223,customer,
22510,ACCURUS AEROSPACE CORPORATION      ,9184383121,000546,customer,
22466,ACE GRINDING & MFG. OF TEXAS      ,9726604666,000179,customer,
385417,Acier Lachine Inc,5146342252,,customer,https://www.acierlachine.com
22577,ACTIVE POWER                      ,5128366464,000156,customer,
22556,ACUTRONIC ,7372129013,000603,customer,
27764,ADCO Circuits,,,customer,
26954,ADCO Circuts,,,customer,
22280,ADVANCED ENERGY IND. INC. AERA     ,4808924350,000001,customer,
22585,ADVANCED FABRICATION               ,5104896218,000627,customer,
22366,"ADVANCED GEOSCIENCES, INC.         ",5123353338,000142,customer,
22297,ADVANCED MACHINE PROGRAMMING       ,4087792927,000020,customer,
22347,ADVANCED STAINLESS TECHNOLOGIES    ,5122639800,000081,customer,
22644,AEROBIC & PUMP CONTROLS           ,5129302287,000228,customer,
413917,"Aero Brake & Spares, Inc",5123569621,,customer,
648829,"Aero Components, LLC",8175723003,,customer,www.aero-components.com
22852,"AEROFLEX\METELICS, INC.           ",4087378181,000411,customer,
447674,Aerzen USA Corp.,,,customer,
22592,AFE INC.                           ,2624975121,000637,customer,
22438,AGH INDUSTRIES                     ,8172841742,000475,customer,
22836,AGILENT TECHNOLOGIES INT. PTE. LTD,8004245444,000374,customer,
22321,"AGILE TECHNOLOGY, INC.             ",5125895069,000046,customer,
355763,Ai Monotony Inc,,,customer,http://www.monotony.ai
22866,AIRBUS HELICOPTERS INC             ,6622446231,000423,customer,
22518,"AIRTRONIC USA, LLC                 ",8309809788,000555,customer,
754048,"Alamo Aircraft, Ltd.",2104345577,,customer,alamoaircraft.com
22756,ALC-COLLEGEDALE                    ,5126102200,000449,customer,
22391,ALCOA HOWMET CASTINGS              ,4125532360,000113,customer,
395601,Alco-Tmi Inc,4186691911,,customer,https://www.alcotmi.com
27266,Aldine Metal Products Corp,,,customer,
22844,ALEKTRONICS INC.                  ,9374292118,000376,customer,
429977,A-Line Aerospace,4167694557,,customer,https://a-linetool.com
752748,Allen Control Systems,2103237300,,customer,https://www.allencontrolsystems.com/
462965,Allenworks Inc.,,,customer,
22303,ALLIANT TECHSYSTEMS                ,7275722236,000029,customer,
22557,ALLIED HORIZONTAL WIRELINE SERVICES,7133437280,000604,customer,
22355,"ALL POINTS EQUIPMENT CO., LP.      ",9793872298,000076,customer,
22292,ALL-PRO FASTENERS                  ,,000016,customer,
22803,ALPHA MACHINE                     ,5012629555,000327,customer,
589102,Alpine Precision Inc,4062934907,,customer,www.alpineprecisionllc.com
496095,Altec,,,customer,
22842,"ALWAYS INTEGRITY MACHINING, LLC   ",5126701010,000402,customer,
22526,AMD AUSTIN                        ,8005388450,000162,customer,
616442,Americana Advanced Assemblies,9375529393,,customer,https://aaassemblies.com/
76601,American Athletics Co.,,,customer,
22627,AMERICAN DENTAL AIRSONIC TECHNOLOGI,3612891145,000218,customer,
22352,"AMERICAN DURABLE, INC.             ",6514556314,000073,customer,
22408,AMETEK                             ,8584580274,000587,customer,
480484,AMETEK FMH Aerospace,7147511000,,customer,https://www.fmhaerospace.com
415076,Amfab,7148700376,,customer,https://www.amfabaerospace.com
27254,ANAPLEX CORP,,,customer,http://www.anaplexcorp.com
299453,Anduril Industries,9498911607,000673,customer,https://www.anduril.com
22780,ANUE SYSTEMS INC.                 ,5125270453,000301,customer,
22497,A & ONE PRECISION ENGINERING       ,6565431181,000531,customer,www.a-oneprecicion.com
22532,APEX INDUSTRIES                    ,5068571620,000571,customer,
22356,APEX INSTRUMENT CORPORATION        ,9792517277,000077,customer,
449453,Apparent Technologies,5128730023,,customer,https://apparenttech.com
22315,APPLIED MATERIALS INC.,5122721000,000037,customer,
22458,APPLIED MATERIALS S.E.ASIA PTE.LTD ,,000503,customer,
22568,APPLIED MATERIALS SINGAPORE TECHN  ,,000614,customer,
129484,Applied Materials Taiwan,,000503,customer,
22820,APPLIED RESEARCH                   ,2819337673,000381,customer,
478357,Applied Research Laboratories,5128353200,,customer,https://wwwext.arlut.utexas.edu
22378,APPLIED RESEARCH LABORATORIES      ,5128353335,000099,customer,
22861,APPLIED RIGAKU TECHNOLOGIES        ,2813622300,000418,customer,
22545,APPTRONIK                          ,5129178003,000592,customer,
22281,APW ENCLOSURE SYSTEMS              ,5129264426,000002,customer,
574546,Archer Aviation Inc,6502723233,,customer,www.archer.com
480487,Architectural Polymers,6108243322,,customer,https://apformliner.com
22690,ARC SPECIALITIES                  ,7136317575,000315,customer,
639145,Argon FDS,,,customer,
723238,ARGOSY DESIGNS INC.,5185958480,,customer,
22487,ARGO TURBOSERVE CORP               ,2105282144,000521,customer,www.argoturbo.com
430833,Arkansas Air National Guard,5019877489,,customer,
142816,ARM Automation,,,customer,
22312,"ARMNIONICS INDUSTRIES, INC.        ",2104904582,000040,customer,
22564,ARTSEMI LLC                        ,5123771016,000611,customer,
22791,ARX FIT LLC                        ,5126333768,000537,customer,www.arxfit.com
22747,ASCENDANT ENGINEERING SOLUTIONS   ,5123715704,000359,customer,
593490,ASRC Federal,9734392802,,customer,asrcfederal.com
22371,ASTRO MODEL DEVELOPMENT CORPORATION,4409468171,000090,customer,
787629,Astrotech Corp.,,,customer,https://www.astrotechcorp.com/
654389,Astute,,,customer,
22328,"ATHENA MANUFACTURING, LP           ",5129282693,000048,customer,Athenamfg.com
22209,Athena MFG,5129453936,,customer,Athenamfg.com
22534,"AUKUA SYSTEMS, INC                 ",5126804947,000551,customer,
22716,"AUSTIN AI, INC.                   ",5128379400,000343,customer,
22289,AUSTIN DYNAMICS                    ,5122673117,000007,customer,
657849,Austin Motor Works,,,customer,
22845,"AUTOFLUG SAFETY SYSTEMS, INC.     ",9157788300,000378,customer,
415402,Automation Supply and Engineering,8323287806,,customer,https://www.automationse.com
22607,"AVAI VENTURES, INC.                ",5123019445,000137,customer,
22717,AVANT                             ,5126515324,000257,customer,
388824,Axiom Space Inc,3462937045,,customer,https://www.axiomspace.com
43190,Ayro,,000668,customer,
22682,BAE AUSTIN                         ,5129292494,000249,customer,www.baesystems.com
421756,BAE Florida,8503440836,,customer,
22307,BAKER OIL TOOLS                    ,8002886657,000028,customer,
22322,BAKER SPD                          ,8882696907,000049,customer,
415356,Baltimore Fabrication,4105220030,,customer,https://www.baltimorefab.com
478193,BANISTER MEDICAL,,,customer,
22719,BANTAM ELECTRONICS                ,5127193560,000261,customer,
22373,BA PRODUCTS                        ,8308959800,000092,customer,
641519,Base Power Camp,,,customer,https://www.basepowercompany.com
22648,BAY ADVANCED TECHNOLOGIES         ,5129295400,000200,customer,
419277,BCI Acrylic Inc.,8009638827,,customer,https://www.bciacrylic.com
22417,B E AEROSPACE,5863231700,000176,customer,
22531,B/E AEROSPACE                      ,2626796170,000569,customer,
22728,BELL TEXTRON INC.                  ,8175901254,000320,customer,
22491,BELL TEXTRON INC.-OZARK            ,3344455358,000526,customer,
22546,BENCHMARK                          ,9798496550,000562,customer,
22633,"BENFORD TOOLS, LLC AKA BARBMASTER ",8176455320,000198,customer,
477235,Besser Company World Headquarters,8009680444,,customer,https://besser.com
22547,BGA ASSOCIATES AUSTIN LLC          ,7136645462,000563,customer,
388710,Bhayana Brothers,4129217424,,customer,http://bhayanabrothers.com
22555,BIG BOY SHOOTING GALLERIES         ,8477360791,000595,customer,http://www.bigboyshootinggalleries.com/
22586,BILL MCCLUNG INC.                  ,8306935082,000628,customer,WWW.BILLMCCLUNGINC.COM
22508,BILLY BOXES                        ,5122225632,000544,customer,
22725,BIOMETRIC ACCESS COMPANY          ,5122463760,000312,customer,
27259,"BISHOP AVIATION, INC",,,customer,https://www.bishopaviation.com
22350,BJK MACHINING                      ,5123033311,000094,customer,
94130,Blackbridge,,,customer,
450797,BlackHawk Industrial,,,customer,https://www.bhid.com
696941,Bluebonnet Ordnance,,,customer,
393921,Bobcat Company,7016808371,,customer,https://www.doosanbobcat.com
391742,Bock Water Heaters Inc,6082572225,,customer,https://www.bockwaterheaters.com
651149,"Bodycote K-Tech Inc,",5017601696,,customer,
22337,"BOEDEKER PLASTICS, INC.            ",8004443485,000063,customer,
22824,BOEING COMMERCIAL AIRPLANE         ,4252377139,000576,customer,
22489,BOEING COMMERCIAL AIRPLANE CO,4252441736,000524,customer,
81113,Boeing Defense,,,customer,
22448,BOGUS CUSTOMER                     ,5555550000,000493,customer,
22787,BRENNER AEROSTRUCTURES,2156383884,000415,customer,
393978,Bridgestone,3307052112,,customer,https://www.bridgestone.com
22593,BRIGGO INC                         ,7372162529,000625,customer,
22543,BRISKHEAT CORPORATION              ,6142943376,000588,customer,
493290,Bristol Machine Co,9095988601,,customer,www.bristolmachine.com
22709,BROADBAND INSTRUMENTS CORP.       ,5127872007,000324,customer,
22364,BROOKHAVEN INSTRUMENTS CORPORATION ,5122583646,000129,customer,
27245,Brooks Industrial Coating,5129905333,,customer,http://bic-texas.com
22436,BROOKS INSTRUMENT PRODUCTS LLC     ,2153623500,000478,customer,
478458,Brunswick Steel,2042241472,,customer,https://www.brunswicksteel.com
391734,"Build: CR, LLC dba Composite Resources",8033669700,000699,customer,
22685,BULZEYE MARINE SYSTEMS            ,5122672560,000293,customer,
22310,BURGESS SPECIALTY FABRICATING INC. ,7134620293,000036,customer,
22444,BURTON BALDRIDGE ARCHITECTS        ,5124411700,000488,customer,
22482,BYPASS MOBILE                      ,5122916192,000513,customer,
22819,C4ATS                              ,4072063886,000582,customer,
22872,CACI                               ,2109798989,000431,customer,
22849,CAMERON                           ,2815042511,000394,customer,
22434,CAMERON PETRECO PROCESS SYSTEMS    ,7138497500,000474,customer,www.c-a-m.com
22423,CAMERON R&D                        ,7133694144,000462,customer,
22428,CAMERON VALVES AND MEASUREMENTS    ,5015705648,000468,customer,WWW.C-A-M.COM
22503,CANON NANOTECH INC.                ,5123397760,000540,customer,
22851,"CAPCO, LLC",9702438750,000642,customer,www.capcoinc.com
22827,"CAPITAL BENDING, LLC.              ",5125730713,000623,customer,
22372,"CAPROCK MANUFACTURING, INC         ",8067456454,000091,customer,
22340,"CARBOMEDICS, INC.                  ",5124353388,000066,customer,
415166,Cardinal CG,9729371708,,customer,https://www.cardinalcorp.com
22379,CARLTON-BATES COMPANY              ,5129295253,000100,customer,
22560,CARNEGIE TECHNOLOGIES              ,5129216156,000606,customer,
22702,CARTECH                           ,2103331642,000269,customer,
22368,"CARY CON, INC.                     ",5125278595,000087,customer,
22806,CATCHER INC                       ,9259498309,000344,customer,
22453,CATERPILLAR                        ,3615743618,000498,customer,WWW.CAT.COM
22752,CBG CORPORATION                    ,5124917541,000448,customer,
22357,CDS GROUP                          ,5128343500,000078,customer,
22354,CELERITY - CALIFORNIA              ,4089463100,000075,customer,
22733,CELERITY FLUID SYSTEMS PTE LTD    ,6567447041,000399,customer,
22784,"CELERITY, INC. - ALLEN            ",,000306,customer,
22656,CELERITY - IRELAND                ,5318247139,000230,customer,
22483,CELESTICA                          ,5034656000,000514,customer,
22621,CELESTICA CORPORATION (AUSTIN)    ,,000212,customer,
22868,CELTIC LEASING CORP.               ,7139345212,000428,customer,
306640,Cesium,3306975320,,customer,
699106,CesiumAstro,,000715,customer,
22370,CES MOLD & DESIGN                  ,5127591538,000089,customer,
22693,CFAN                              ,5123532832,000282,customer,
22877,C&F TOOL & DIE COMPANY             ,2105229310,000437,customer,
22696,CHARMED LABS LLC                  ,5122204525,000286,customer,
22393,"CHATSWORTH PRODUCTS, INC.          ",5128686000,000115,customer,
777646,Cherokee Federal,,,customer,https://cherokee-federal.com/
22492,CHOICE BAGGING EQUIPMENT           ,5123523694,000527,customer,
422886,Cincinnati Fan,9374308802,,customer,
22673,CIRCULAR SCIENCE                  ,6016462767,000281,customer,
495334,CKD USA,7374840330,,customer,https://www.ckdusa.com
487822,"Clackamas Steel & Mfg., inc.",5036565028,,customer,
22666,CLEAN FUELING TECHNOLOGIES        ,5129428300,000291,customer,
498191,Climate Engineers,,,customer,
22382,"CLOCKWORKS MFG, C.N.C. SPECIALIST  ",2108342824,000104,customer,
419102,Closets by Design - Palm Beach,7722105398,,customer,https://palmbeach.closetsbydesign.com
437262,CNH Industrial,3069200441,,customer,https://www.cnhindustrial.com
28487,Coastline High Performance,,,customer,http://coastlinehpc.com
22793,COBALT AERO SERVICES               ,5016237211,000564,customer,
22765,"COLDWATT, INC.                    ",5124394900,000309,customer,
417849,College of Southern Nevada (South),7026513000,,customer,https://www.csn.edu
227219,Collins Aerospace,,,customer,
22625,"COLUMBIA INDUSTRIES, INC.         ",2103449211,000216,customer,
22636,COMPLETE PROTOTYPE SERVICE'S INC. ,5864699155,000202,customer,
22781,"COMSONICS, INC.                   ",5404345965,000302,customer,
22325,CONCEPT SERVICES                   ,5123433100,000053,customer,
22703,CONCURRENT DESIGN AND DRAFTING    ,5122198501,000270,customer,
22821,"CONMEDISYS, INC.                  ",5122999611,000388,customer,
22551,CONSOLIDATED METAL TECHNOLOGIES    ,5122559296,000600,customer,https://cmtfinishing.com
22530,CONTROL PRODUCTS CORPORATION       ,9722640368,000561,customer,
22538,COOLTRAX AMERICAS                  ,5128793067,000580,customer,
22459,"CORDY DRILLING INNOVATIONS, LTD    ",2102818542,000504,customer,WWW.CDI-BITS.COM
423407,Corpus Christi Army Depot,3619616360,,customer,
22302,CORRECTIONS PRODUCTS CO.           ,2108297951,000027,customer,
22603,CORTEC PRECISION SHEETMETAL        ,5129272909,000133,customer,
754875,Corten Studio,3104906098,,customer,cortenstudio.com
722966,Cox & Company Inc.,2123660200,,customer,https://www.coxandco.com/index.html
22818,CPI PRODUCTS                       ,8777562388,000575,customer,
22862,CPP-PORT HUENEME                   ,8054886451,000420,customer,
22874,CPP-RANCHO                         ,8054886451,000435,customer,
22431,CRATERS & FREIGHTERS               ,5123261627,000471,customer,
303360,Creative 3D Technologies,,,customer,
22830,CREATIVE TECHNOLOGY SERVICES      ,7342072600,000354,customer,
22522,"CRI DIVISION RSI, INC.            ",5123867500,000158,customer,
34862,CR Wealth Solutions,,,customer,
22406,"CTS, LP                            ",7139345257,000443,customer,
22581,CURTISS-WRIGHT CONTROLS            ,7048694680,000619,customer,
28515,Custom Coils,7077528633,,customer,
652267,Cutting Dynamics,4402494175,,customer,
22465,CYPRESS INDUSTRIES                ,5122490999,000178,customer,
394244,Daily Thermetrics Corporation,7137808600,,customer,http://www.dailyinst.com
43629,david@terradepth.com,,,customer,
22826,DAYTON ROGERS OF TEXAS,7637847714,000620,customer,
22875,DBA REALTY RESTORATION             ,,000432,customer,
22299,"DEATON ENGINEERING, INC.           ",5129309908,000022,customer,
493536,Defence Research and Development Canada (DRDC),,,customer,https://www.canada.ca/en/defence-research-development.html
22609,DELL PRODUCTS L.P                  ,,000140,customer,
22775,DELTA G DESIGN                     ,2542357676,000425,customer,
22404,DELTA TECHNOLOGY CORPORATION      ,7134647407,000163,customer,
444854,"DEMCO Manufacturing, Inc.",9368294771,,customer,
22395,DENICHI COMPUTER DEVICES           ,5128372655,000117,customer,
22509,DENISON INDUSTRIES                 ,9037866526,000545,customer,
22674,DESIGN EDGE                       ,5124775491,000284,customer,
22841,"DESIGN OCTAVES, INC               ",8314648500,000375,customer,
22764,DETCON INC.                       ,2813674100,000308,customer,
22642,DIAGNOSTIC SYSTEMS LABORATORIES   ,2813329678,000225,customer,
22301,DICKEY MANUFACTURING CO.           ,6305842918,000026,customer,
22362,DIGITAL SCULPTURES COMPANY         ,3144344905,000119,customer,
22835,DISPERSOL TECHNOLOGIES            ,5123433677,000367,customer,
22306,"D&N TOOL, INC.                     ",5123417405,000024,customer,
22294,DO NOT USE                         ,,000018,customer,
22643,DO NOT USE SEE #241 SB ZEBRA IMAG ,5122515100,000227,customer,
22613,DO NOT USE. USE #162 INSTEAD LG    ,8005388450,000146,customer,
493605,Doosan Bobcat,,,customer,http://www.bobcat.com
420811,Douglas Machine Inc.,3207626318,,customer,
22468,DOWNS FORD MOTORSPORT             ,7323492240,000181,customer,
22572,DRESSER INDUSTRIA E COMERCIO LTDA ,,000150,customer,
415359,DREX Trade Inc.,,,customer,
22451,DUCOMMUN AEROSTRUCTURES,6263583211,000496,customer,
22535,DUCOMMUN INCORPORATED,5187312795,000572,customer,www.ducommun.com
22629,"DUCOMMUN LABARGE, INC. (HUNTSVILLE,",4797382191,000221,customer,
385199,Duncan Manufacturing Solutions,4024752611,,customer,
22751,DUNCAN SERVICES                   ,9797584603,000392,customer,
369090,Durex Industries,,,customer,
388855,Durex Products Inc,7154722111,,customer,https://durexproducts.com
22578,DVC COMPANY                       ,5123019564,000164,customer,
745505,DWFritz Automation,5036824773,,customer,DWFritz.com
22516,"DYNAMIC MANUFACTURING, LLC         ",5124863635,000553,customer,
446253,Dynavac,7817408600,,customer,https://dynavac.com
22795,EAGLE BOBSLED                     ,3106120805,000363,customer,
22295,EAGLE RACING TIRES                 ,5124420401,000019,customer,
22282,EASTMAN KODAK CO.                  ,5126516200,000003,customer,
612987,East West Manufacturing Enterprises,5122582303,,customer,https://www.ewme.com
22649,EATON HYDRAULICS                  ,9522947959,000201,customer,
419267,Ebaluminum,7872051959,,customer,
22809,EEI MANUFACTURING SERVICES        ,7274614755,000353,customer,
22618,"EFD, INC.                         ",4014341680,000209,customer,
22409,E FUELING TECHNOLOGIES             ,5128352273,000452,customer,
395487,EIP Manufacturing LLC,8009422226,,customer,http://www.eipmfg.com
22472,"ELAN MOTORSPORTS TECHNOLOGIES, INC.",7708670903,000175,customer,
22290,ELAN POWER PRODUCTS                ,7066582857,000012,customer,
22645,ELECTROL SYSTEMS                  ,2105996485,000229,customer,
396766,Electro-Metrics Corporation,5187622600,,customer,https://electro-metrics.com
22456,"ELECTRO-MOTIVE DIESEL, INC.        ",,000501,customer,
22599,ELLIOTT TOOL TECHNOLOGIES          ,9372536133,000638,customer,
22646,ELLISON MARINE                    ,9798284729,000251,customer,
461282,Elma Electronic,5106563400,,customer,https://www.elma.com
22521,EMBEDDED SYSTEMS DESIGN           ,8304010919,000154,customer,
27251,Embee Processing,,,customer,https://www.embee.com
22610,"EMIT, INC.                         ",5129289444,000141,customer,
22318,EMJ                                ,8003923361,000042,customer,
22462,EMTEQ INC.                         ,2626796170,000507,customer,
22284,"ENFLITE, INC.                      ",5128683399,000508,customer,
22457,ENO AMPLIFIERS LLC                 ,5128264807,000502,customer,
26029,Entegris,5122445281,000658,customer,
422890,"Enterprise Precast Concrete of Texas, LLC",9038751077,,customer,https://www.enterpriseprecast.com
22336,ENVIROPAK CORP.                    ,3147391202,000062,customer,
22566,ERICKSON TRUCKS                    ,,000612,customer,
22558,ESPY CORPORATION                   ,5122611016,000605,customer,
22817,ETHIOPIAN AIRLINES                 ,2515178407,000567,customer,
22604,ETS LINDGREN                       ,5125316400,000134,customer,
22813,EVERGREEN SOLUTIONS               ,5123890625,000328,customer,esi-semi.com
52318,Everi,,,customer,https://www.everi.com
22367,EXACT SYSTEMS CORPORATION          ,5127965999,000086,customer,
22420,EXCEL DIRECTIONAL TECHNOLOGIES     ,5122668887,000459,customer,
437265,F3 Engineering,9734422290,,customer,https://f3engineering.com
22490,"FABWORX SOLUTIONS, INC.            ",9726900800,000525,customer,
22525,FALK SUPPLY COMPANY               ,5123211231,000161,customer,
22837,FALK SUPPLY COMPANY - LITTLE ROCK ,5016643911,000377,customer,
22293,"FARO TECHNOLOGIES, INC.            ",4073339911,000017,customer,
421844,"Fathom Manufacturing, LLC",2623678254,,customer,https://fathommfg.com
22856,F&D DEFENSE                        ,9036461927,000410,customer,
22754,"FERGUSON ENTERPRISES, INC. #781   ",5129335447,000396,customer,
420805,Ferrara Fire Apparatus,2255677100,,customer,https://www.ferrarafire.com
29016,Festo,,,customer,
22419,FIBERIO TECHNOLOGY CORP            ,9562075448,000458,customer,
385418,Fike Corporation,8009373453,,customer,https://www.fike.com
22570,FIREFLY AEROSPACE INC              ,,000616,customer,HTTP://FIREFLYSPACE.COM/
22624,"FLAME TECHNOLOGIES, INC           ",5122198481,000215,customer,
22760,FLARE INDUSTRIES                   ,5128369473,000476,customer,
22617,"FLEA MEDICAL, INC.                ",6362276648,000208,customer,
22692,FLEXTRONICS                       ,2812953211,000279,customer,
22550,FLOODBREAK LLC                     ,7136299172,000599,customer,
388666,"FlowBelow Aero, Inc.",5125205350,,customer,https://www.flowbelow.com
22432,"FLOWTEK, FLUOR DANIELS             ",8329122300,000472,customer,
22454,FMC TECHNOLOGIES                   ,3612893495,000499,customer,www.fmcti.com
22615,FOCUS INDUSTRIES CORP.            ,5124314455,000204,customer,
22807,"FORCE PROTECTION, INC.            ",8437407015,000345,customer,
28910,Fore Aero,,,customer,
22548,FORE MACHINE COMPANY INC           ,8178346251,000593,customer,
154797,Formaspace,,,customer,
22501,FOUR POINTS PLATINUM MACHINING     ,5125887916,000538,customer,
22591,FOXCONN                            ,,000636,customer,
292447,"Fox Robotics, Inc.",5122848591,,customer,www.foxrobotics.com
22576,"FREEDOM POWER SYSTEMS, INC.       ",5122590941,000155,customer,
722104,FRENCKEN MECHATRONICS,,,customer,https://www.frenckengroup.com
22485,FRONTIER ELECTRONIC SYSTEMS        ,4056245303,000516,customer,
498205,Frontier Electronic Systems Corp,4053727601,,customer,https://www.fescorp.com
414983,Frontmatec inc,8168912440,,customer,https://www.frontmatec.com
22838,FROZEN BEVERAGE DISPENSERS        ,2106372835,000371,customer,
112398,Fuego Living,,,customer,
22479,FUTUREX,8309809782,000509,customer,www.futurex.com
22779,"GALAXY MICROSYSTEMS, INC          ",5123394204,000300,customer,
592827,Gamma Aerospace,8174772193,,customer,www.gammaaero.com
22825,GARRISON ARMS                      ,2100364425,000584,customer,
22750,"GATE MOLD, INC.                   ",5122553470,000391,customer,
22363,"GE ENERGY, LLC                     ",3024512673,000128,customer,
22533,GEMCITY ENGINEERING & MANUFACTURING,9372235544,000577,customer,
419274,Gemini Bakery Equipment Company,2156733520,,customer,https://geminibakeryequipment.com
388651,Gem State Metals,2088559200,,customer,https://gemstatemetals.com
22326,"GENERAL PATTERN CO., INC.          ",7637803518,000054,customer,
22569,GEOPHYSICAL SUPPLY COMPANY         ,7136664100,000615,customer,
22467,GERDES INSTRUMENTS                ,7138960349,000180,customer,
385445,Gfs supply & services company Inc,9736797318,,customer,https://gfssupply.com
493714,"Ghafari Associates, LLC",3138203849,,customer,https://www.ghafari.com
22514,GKN AEROSPACE                      ,3342839224,000550,customer,
22341,"GLOBAL RAPID TECH, INC.            ",4019495826,000067,customer,
22632,"GLOBAL SOURCING & CONSULTING, INC ",4073239983,000192,customer,
414713,Golden Touch Handyman Services,8084378470,,customer,
27256,Gold Tech Industries,,,customer,https://www.goldtechind.com
22313,"GP COMPANIES, INC.                 ",6514546500,000033,customer,
22860,GREENE TWEED & CO. PTE LTD.       ,8636568585,000413,customer,
22746,GREGOIRE PRODUCTS GROUP LP        ,8306267725,000358,customer,
22285,"GUARDIAN INSTRUMENTS, INC.         ",5122603554,000009,customer,
394659,Gudgeon,,,customer,http://www.gudgeonthermfire.ca
375297,Gulfstream Aerospace Corporation,9122514055,,customer,https://www.gulfstream.com
22732,"GYRODATA, INC.                    ",7134613146,000393,customer,
22669,H2O EVOLUTION                     ,5126330394,000276,customer,
376905,H3 Dynamics,5125848027,,customer,
22776,HAGBROS PRECISION                  ,5123419368,000489,customer,info@HagBros.com
22798,HAGEMEYER                          ,2013383064,000565,customer,
22742,HALLIBURTON ENERGY SERVICES       ,2818716205,000360,customer,
427312,Hammond Manufacturing,5198222960,,customer,
570233,Harmonic Bionics,2282345889,000702,customer,
22582,"HARRISON ELECTROPOLISHING, LP      ",8324673100,000621,customer,http://www.harrisonep.com
494287,Hartwell Corporation,,,customer,
465807,Haul-All Equipment Ltd.,8884285255,,customer,https://haulall.com
466374,H.C. Starck GmbH,,,customer,https://www.hcstarck.com
385222,HDR Inc,4023991000,,customer,https://www.hdrinc.com
22805,HEARTLAND AUTOMOTIVE SERVICES     ,4023330990,000340,customer,
447608,Hella Automotive Mexico,5543619465,,customer,
22853,HEMIWEDGE VALVE CORPORATION       ,9365395770,000398,customer,
22470,HEMMINGER CONSTRUCTION            ,3306664166,000194,customer,
414769,"Henry Graphics, Inc.",7709323222,,customer,http://www.henrygraphics.com
22332,HERCON INSTRUMENTS                 ,2819552360,000058,customer,
22590,HERD NORTH AMERICA                 ,,000632,customer,
22401,HEWLETT-PACKARD COMPANY            ,8003255372,000127,customer,
22360,HEWLETT-PACKARD CS                 ,8003255372,000109,customer,
22507,HID GLOBAL                         ,5127769420,000543,customer,
22397,"HIGH END SYSTEMS, INC.             ",5128362242,000120,customer,
395603,Hill Air Force Base,8017775201,,customer,https://www.hill.af.mil
429269,Hilldale Colony,4068790680,,customer,
22493,HILLER MEASUREMENTS                ,5123948356,000523,customer,
22611,"HILLIARD TECHNOLOGIES, INC.        ",8174887178,000143,customer,
450240,Hitachi-PES,9284626949,,customer,
22864,HOUSE AND EARTH                    ,5124447900,000426,customer,
22296,HOWMET GEORGETOWN CASTING          ,2318947984,000014,customer,
22381,HP - AUSTIN                        ,8774727469,000102,customer,
22748,"HPI CORPORATE SERVICES, LLC       ",5128354455,000370,customer,
22443,HUP FATT BROTHERS ENGINEERING PTE  ,6567537135,000486,customer,
22537,HURST JAWS OF LIFE                 ,,000634,customer,
22583,HYLIION                            ,5122025412,000624,customer,
27252,Hytek Finishes,,,customer,http://hytekfinishes.com
22304,ICHOR SYSTEMS,5122465570,000030,customer,
